,yearID,team,player,playerID,salary
0,2017,KIA,헥터,66643,170000
1,2017,KIA,양현종,77637,150000
2,2017,KIA,윤석민,75620,125000
3,2017,KIA,팻딘,67645,70000
4,2017,KIA,임창용,95657,50000
5,2017,KIA,김진우,72641,12000
6,2017,KIA,심동섭,60636,11000
7,2017,KIA,홍건희,61643,9000
8,2017,KIA,고효준,72523,8000
9,2017,KIA,손영민,76639,8000
10,2017,KIA,한승혁,61666,7500
11,2017,KIA,한승혁,66557,7500
12,2017,KIA,한기주,76610,6000
13,2017,KIA,박지훈,62637,5000
14,2017,KIA,박경태,76653,4900
15,2017,KIA,김윤동,62648,4700
16,2017,KIA,임기준,60634,3700
17,2017,KIA,김명찬,65696,3200
18,2017,KIA,정용운,79617,3100
19,2017,KIA,임기영,62754,3100
20,2017,KIA,최원준,67263,3100
21,2017,KIA,정동현,66659,3000
22,2017,KIA,김종훈,62696,2800
23,2017,KIA,김현준,66630,2800
24,2017,KIA,손동욱,63619,2800
25,2017,KIA,박진태,67646,2700
26,2017,KIA,유승철,67640,2700
27,2017,KIA,이승호,67603,2700
28,2017,KIA,배힘찬,72321,0
29,2017,KIA,신승현,70839,0
30,2017,KIA,최영필,97336,0
31,2017,KIA,김광수,70142,0
32,2017,kt,피어밴드,65331,35000
33,2017,kt,김사율,99563,20000
34,2017,kt,김재윤,65062,9000
35,2017,kt,주권,65060,7500
36,2017,kt,홍성용,75149,6300
37,2017,kt,심재민,64017,5700
38,2017,kt,조무근,65067,5700
39,2017,kt,엄상백,65056,5300
40,2017,kt,하준호,78517,5200
41,2017,kt,이창재,65057,5200
42,2017,kt,고영표,64001,5200
43,2017,kt,배우열,79191,4600
44,2017,kt,이상화,77563,4500
45,2017,kt,윤근영,75730,4000
46,2017,kt,최대성,74543,4000
47,2017,kt,정성곤,65058,3300
48,2017,kt,홍성무,65042,3000
49,2017,kt,박세진,66047,3000
50,2017,kt,강장산,64907,3000
51,2017,kt,류희운,64029,3000
52,2017,kt,김태훈,79847,3000
53,2017,kt,김태훈,62360,3000
54,2017,kt,조병욱,67045,2700
55,2017,kt,조근종,63104,2700
56,2017,kt,김도영,66098,2700
57,2017,kt,김태오,66064,2700
58,2017,kt,이종혁,67066,2700
59,2017,kt,이정현,67048,2700
60,2017,kt,배제성,65516,2700
61,2017,kt,로치,67033,0
62,2017,kt,최원재,60848,0
63,2017,LG,차우찬,76455,100000
64,2017,LG,이동현,71118,60000
65,2017,LG,소사,62698,50000
66,2017,LG,류제국,63111,35000
67,2017,LG,임정우,61891,22000
68,2017,LG,진해수,76650,11000
69,2017,LG,김지용,60181,10000
70,2017,LG,윤지웅,61329,9500
71,2017,LG,신정락,60140,7500
72,2017,LG,임찬규,61101,6500
73,2017,LG,최동환,79140,6000
74,2017,LG,유원상,76757,6000
75,2017,LG,최성훈,62146,4500
76,2017,LG,정찬헌,78148,4500
77,2017,LG,여건욱,79825,4000
78,2017,LG,유재유,66160,3000
79,2017,LG,배민관,60105,3000
80,2017,LG,손주영,67143,2700
81,2017,LG,김광수,70142,2700
82,2017,LG,오석주,67116,2700
83,2017,LG,고우석,67119,2700
84,2017,LG,송윤준,61156,2700
85,2017,LG,이찬혁,67164,2700
86,2017,LG,김태형,67122,2700
87,2017,LG,김태형,62918,2700
88,2017,LG,허프,66138,0
89,2017,NC,해커,63938,60000
90,2017,NC,임창민,78352,22500
91,2017,NC,이재학,60263,20000
92,2017,NC,김진성,75867,18000
93,2017,NC,이민호,62929,16000
94,2017,NC,이민호,50126,16000
95,2017,NC,최금강,62966,14000
96,2017,NC,원종현,76118,14000
97,2017,NC,임정호,63959,8700
98,2017,NC,강윤구,79358,8000
99,2017,NC,장현식,63950,6400
100,2017,NC,구창모,65933,5700
101,2017,NC,배재환,64995,4000
102,2017,NC,정수민,66960,3700
103,2017,NC,민태호,78366,3300
104,2017,NC,황윤호,62908,3000
105,2017,NC,최성영,66920,2900
106,2017,NC,이형범,62951,2700
107,2017,NC,김진호,67954,2700
108,2017,NC,김민수,65048,2700
109,2017,NC,김태현,67956,2700
110,2017,NC,소이현,67962,2700
111,2017,NC,윤수호,65064,2700
112,2017,NC,박세웅,64021,0
113,2017,NC,맨쉽,67948,0
114,2017,SK,김광현,77829,90000
115,2017,SK,켈리,65856,85000
116,2017,SK,켈리,69103,85000
117,2017,SK,채병용,71845,25000
118,2017,SK,박희수,76858,21000
119,2017,SK,윤희상,74838,15000
120,2017,SK,신재웅,75138,12000
121,2017,SK,전유수,75340,11000
122,2017,SK,임준혁,73632,10000
123,2017,SK,박종훈,60841,10000
124,2017,SK,박정배,75250,8000
125,2017,SK,김주한,66859,5700
126,2017,SK,문광은,60845,4500
127,2017,SK,문승원,62869,4400
128,2017,SK,서진용,61895,4000
129,2017,SK,정영일,62056,4000
130,2017,SK,허건엽,62892,3300
131,2017,SK,김찬호,66801,2900
132,2017,SK,김태훈,79847,2800
133,2017,SK,김태훈,62360,2800
134,2017,SK,정동윤,66858,2700
135,2017,SK,김주온,65411,2700
136,2017,SK,남윤성,67840,2700
137,2017,SK,박세웅,64021,2700
138,2017,SK,이건욱,64861,2700
139,2017,SK,이원준,67863,2700
140,2017,SK,김대유,60337,2700
141,2017,넥센,김세현,76350,27000
142,2017,넥센,브리검,67313,25000
143,2017,넥센,한현희,62363,25000
144,2017,넥센,윤석민,75620,21000
145,2017,넥센,이보근,75342,15000
146,2017,넥센,조상우,63342,15000
147,2017,넥센,오주원,74359,12000
148,2017,넥센,김상수,76430,12000
149,2017,넥센,신재영,62937,11000
150,2017,넥센,금민철,75258,7300
151,2017,넥센,하영민,64350,6000
152,2017,넥센,박주현,65348,5500
153,2017,넥센,정대현,60264,5500
154,2017,넥센,최원태,65320,4500
155,2017,넥센,김택형,65343,4400
156,2017,넥센,김건태,60339,4200
157,2017,넥센,강지광,79130,3000
158,2017,넥센,김정인,65392,3000
159,2017,넥센,윤영삼,61456,2900
160,2017,넥센,김해수,65345,2700
161,2017,넥센,김성민,67828,2700
162,2017,넥센,김재웅,67391,2700
163,2017,넥센,오윤성,67360,2700
164,2017,넥센,박정준,61396,2700
165,2017,넥센,박승주,66305,2400
166,2017,넥센,밴헤켄,62322,0
167,2017,넥센,송신영,99314,0
168,2017,넥센,박종윤,62338,0
169,2017,넥센,마정길,72749,0
170,2017,넥센,김홍빈,66309,0
171,2017,넥센,오설리반,67312,0
172,2017,넥센,양훈,75750,0
173,2017,넥센,황덕균,72261,0
174,2017,두산,니퍼트,61240,210000
175,2017,두산,장원준,74513,100000
176,2017,두산,유희관,79229,50000
177,2017,두산,이현승,76329,40000
178,2017,두산,이용찬,77211,18000
179,2017,두산,홍상삼,78247,12500
180,2017,두산,김승회,73248,10000
181,2017,두산,오현택,79293,8000
182,2017,두산,함덕주,63248,7000
183,2017,두산,김강률,77263,6200
184,2017,두산,이현호,61214,6000
185,2017,두산,고봉재,66201,4400
186,2017,두산,임진우,60441,3200
187,2017,두산,장민익,60255,2700
188,2017,두산,전용훈,64267,2700
189,2017,두산,문대원,67259,2700
190,2017,두산,최동현,67263,2700
191,2017,두산,한주성,64255,2700
192,2017,두산,김명신,67246,2700
193,2017,두산,이동원,62294,2700
194,2017,두산,성영훈,79222,2700
195,2017,두산,박치국,67266,2700
196,2017,두산,이영하,66291,2700
197,2017,두산,보우덴,66226,0
198,2017,두산,안규영,61215,0
199,2017,두산,고원준,79349,0
200,2017,두산,김성배,73226,0
201,2017,두산,조승수,79235,0
202,2017,두산,이용호,77253,0
203,2017,롯데,레일리,65546,85000
204,2017,롯데,손승락,75321,70000
205,2017,롯데,윤길현,72862,50000
206,2017,롯데,송승준,77591,40000
207,2017,롯데,노경은,73211,16000
208,2017,롯데,이정민,72551,15000
209,2017,롯데,이명우,72535,11000
210,2017,롯데,박세웅,64021,10000
211,2017,롯데,장시환,77318,6500
212,2017,롯데,박진형,63512,6000
213,2017,롯데,배장호,76540,5400
214,2017,롯데,박시영,60559,5000
215,2017,롯데,김유영,64596,3400
216,2017,롯데,김원중,62528,3000
217,2017,롯데,김대우,61365,3000
218,2017,롯데,김대우,78536,3000
219,2017,롯데,차재용,65509,2800
220,2017,롯데,김건국,76225,2700
221,2017,롯데,정태승,62595,2700
222,2017,롯데,강동호,67591,2700
223,2017,롯데,윤성빈,67588,2700
224,2017,롯데,송창현,63791,2700
225,2017,롯데,강영식,70615,0
226,2017,롯데,애디튼,67559,0
227,2017,롯데,박종윤,62338,0
228,2017,삼성,윤성환,74454,80000
229,2017,삼성,장원삼,76355,75000
230,2017,삼성,우규민,73117,70000
231,2017,삼성,김상수,76430,31000
232,2017,삼성,심창민,61411,21000
233,2017,삼성,김대우,61365,15000
234,2017,삼성,김대우,78536,15000
235,2017,삼성,권오준,99445,10500
236,2017,삼성,백정현,77446,10000
237,2017,삼성,박근홍,74630,10000
238,2017,삼성,정인욱,79440,7200
239,2017,삼성,장필준,77927,6500
240,2017,삼성,김기태,76461,6500
241,2017,삼성,이승현,60146,6200
242,2017,삼성,김동호,79791,5000
243,2017,삼성,임대한,66493,3700
244,2017,삼성,임현준,61457,3200
245,2017,삼성,김민수,65048,3000
246,2017,삼성,이수민,64464,3000
247,2017,삼성,최충연,66451,3000
248,2017,삼성,김승현,66492,2900
249,2017,삼성,안규현,64462,2800
250,2017,삼성,윤대경,63464,2800
251,2017,삼성,안성무,63027,2800
252,2017,삼성,최지광,67421,2700
253,2017,삼성,이케빈,66444,2700
254,2017,삼성,장지훈,67443,2700
255,2017,삼성,김시현,67467,2700
256,2017,삼성,김성훈,67762,2700
257,2017,삼성,김성훈,69098,2700
258,2017,삼성,황수범,61496,2700
259,2017,삼성,페트릭,67435,0
260,2017,삼성,레나도,67423,0
261,2017,삼성,김현우,60457,0
262,2017,한화,정우람,74857,120000
263,2017,한화,배영수,70425,55000
264,2017,한화,송은범,73801,45000
265,2017,한화,권혁,72447,45000
266,2017,한화,박정진,99737,33000
267,2017,한화,심수창,74167,25000
268,2017,한화,송창식,74731,22000
269,2017,한화,안영명,73738,20000
270,2017,한화,윤규진,73750,18000
271,2017,한화,이태양,60768,8300
272,2017,한화,장민재,79764,8100
273,2017,한화,이동걸,77452,5000
274,2017,한화,정재원,74748,4000
275,2017,한화,김민우,65764,3800
276,2017,한화,김범수,65769,3300
277,2017,한화,김용주,60764,3300
278,2017,한화,김경태,60757,3200
279,2017,한화,김재영,66741,3000
280,2017,한화,김기탁,67711,2700
281,2017,한화,김성훈,67762,2700
282,2017,한화,김성훈,69098,2700
283,2017,한화,황영국,64760,2700
284,2017,한화,김종수,63765,2700
285,2017,한화,김진영,67737,2700
286,2017,한화,박상원,67703,2700
287,2017,한화,서균,64759,2700
288,2017,한화,비야누에바,67742,0
289,2017,한화,오간도,67748,0
290,2018,KIA,양현종,77637,230000
291,2018,KIA,윤석민,75620,125000
292,2018,KIA,김세현,76350,29000
293,2018,KIA,김윤동,62648,15000
294,2018,KIA,임기영,62754,13000
295,2018,KIA,심동섭,60636,13000
296,2018,KIA,홍건희,61643,8000
297,2018,KIA,정용운,79617,7500
298,2018,KIA,최원준,67263,7500
299,2018,KIA,한승혁,61666,6500
300,2018,KIA,한승혁,66557,6500
301,2018,KIA,임기준,60634,6000
302,2018,KIA,박지훈,62637,4200
303,2018,KIA,박경태,76653,4000
304,2018,KIA,이민우,65616,3500
305,2018,KIA,박정수,65639,3300
306,2018,KIA,황윤호,62908,3100
307,2018,KIA,문경찬,65643,3100
308,2018,KIA,유승철,67640,2800
309,2018,KIA,강이준,67604,2800
310,2018,KIA,황인준,65618,2800
311,2018,KIA,고영창,63628,2800
312,2018,KIA,차명진,64615,2800
313,2018,KIA,김유신,68659,2700
314,2018,KIA,하준영,68639,2700
315,2018,KIA,김승범,68616,2700
316,2018,KIA,김성민,67828,0
317,2018,KIA,팻딘,67645,0
318,2018,KIA,헥터,66643,0
319,2018,KIA,손영민,76639,0
320,2018,KIA,김종훈,62696,0
321,2018,kt,윤석민,75620,31000
322,2018,kt,고영표,64001,11500
323,2018,kt,김재윤,65062,11000
324,2018,kt,이상화,77563,10000
325,2018,kt,금민철,75258,8000
326,2018,kt,주권,65060,7600
327,2018,kt,엄상백,65056,7600
328,2018,kt,하준호,78517,5700
329,2018,kt,배우열,79191,4700
330,2018,kt,정성곤,65058,4700
331,2018,kt,윤근영,75730,4200
332,2018,kt,류희운,64029,4000
333,2018,kt,김용주,60764,3300
334,2018,kt,이종혁,67066,3200
335,2018,kt,박세진,66047,3100
336,2018,kt,홍성무,65042,3000
337,2018,kt,배제성,65516,3000
338,2018,kt,김태훈,79847,3000
339,2018,kt,김태훈,62360,3000
340,2018,kt,조근종,63104,2900
341,2018,kt,최건,68036,2700
342,2018,kt,이정현,67048,2700
343,2018,kt,김민,68043,2700
344,2018,kt,강백호,68050,2700
345,2018,kt,김태오,66064,2700
346,2018,kt,박주현,65348,2700
347,2018,kt,신병률,68067,2700
348,2018,kt,김도영,66098,0
349,2018,kt,홍성용,75149,0
350,2018,kt,피어밴드,65331,0
351,2018,kt,강장산,64907,0
352,2018,kt,김사율,99563,0
353,2018,kt,니퍼트,61240,0
354,2018,LG,김현수,69516,140000
355,2018,LG,소사,62698,120000
356,2018,LG,차우찬,76455,100000
357,2018,LG,윌슨,68135,80000
358,2018,LG,이동현,71118,60000
359,2018,LG,류제국,63111,29000
360,2018,LG,진해수,76650,19000
361,2018,LG,임정우,61891,14000
362,2018,LG,임찬규,61101,11500
363,2018,LG,신정락,60140,10500
364,2018,LG,정찬헌,78148,9500
365,2018,LG,김지용,60181,9000
366,2018,LG,최동환,79140,6500
367,2018,LG,최성훈,62146,6000
368,2018,LG,윤지웅,61329,5800
369,2018,LG,고우석,67119,4000
370,2018,LG,여건욱,79825,4000
371,2018,LG,임지섭,64155,3700
372,2018,LG,손주영,67143,3000
373,2018,LG,이우찬,61145,3000
374,2018,LG,이찬혁,67164,2700
375,2018,LG,이상규,65117,2700
376,2018,LG,배재준,63145,2700
377,2018,LG,김영준,68130,2700
378,2018,LG,김태형,67122,2700
379,2018,LG,김태형,62918,2700
380,2018,LG,유원석,63103,2700
381,2018,LG,성동현,68159,2700
382,2018,LG,오석주,67116,2700
383,2018,LG,김광수,70142,0
384,2018,LG,전인환,79339,0
385,2018,LG,배민관,60105,0
386,2018,NC,임창민,78352,25000
387,2018,NC,김진성,75867,23000
388,2018,NC,이재학,60263,19000
389,2018,NC,이민호,62929,18800
390,2018,NC,이민호,50126,18800
391,2018,NC,원종현,76118,18500
392,2018,NC,최금강,62966,12500
393,2018,NC,강윤구,79358,8500
394,2018,NC,유원상,76757,6000
395,2018,NC,윤수호,65064,4700
396,2018,NC,손정욱,63914,4600
397,2018,NC,김건태,60339,4500
398,2018,NC,정수민,66960,4200
399,2018,NC,민태호,78366,4000
400,2018,NC,이형범,62951,3500
401,2018,NC,배재환,64995,3000
402,2018,NC,최성영,66920,2900
403,2018,NC,이우석,65964,2800
404,2018,NC,이호중,65937,2700
405,2018,NC,윤강민,63936,2700
406,2018,NC,이승헌,68529,2700
407,2018,NC,이승헌,68910,2700
408,2018,NC,김민수,65048,2700
409,2018,NC,김재균,68908,2700
410,2018,NC,소이현,67962,2700
411,2018,NC,신민혁,68902,2700
412,2018,NC,김영규,68900,2700
413,2018,NC,왕웨이중,68948,0
414,2018,NC,심규범,64594,0
415,2018,NC,베렛,68953,0
416,2018,NC,류재인,65908,0
417,2018,SK,김광현,77829,140000
418,2018,SK,산체스,68815,85000
419,2018,SK,채병용,71845,30000
420,2018,SK,박종훈,60841,20000
421,2018,SK,박희수,76858,18500
422,2018,SK,박정배,75250,14000
423,2018,SK,윤희상,74838,13000
424,2018,SK,신재웅,75138,11000
425,2018,SK,김주한,66859,9000
426,2018,SK,문승원,62869,9000
427,2018,SK,전유수,75340,8500
428,2018,SK,서진용,61895,6000
429,2018,SK,문광은,60845,6000
430,2018,SK,백인식,78819,4000
431,2018,SK,김택형,65343,4000
432,2018,SK,김태훈,79847,4000
433,2018,SK,김태훈,62360,4000
434,2018,SK,정영일,62056,3000
435,2018,SK,강지광,79130,3000
436,2018,SK,김대유,60337,3000
437,2018,SK,정동윤,66858,2700
438,2018,SK,최민준,68856,2700
439,2018,SK,조성훈,68848,2700
440,2018,SK,서동민,64896,2700
441,2018,SK,김정우,68830,2700
442,2018,SK,봉민호,65802,2700
443,2018,SK,이승진,64805,2700
444,2018,SK,이원준,67863,2700
445,2018,SK,임준혁,73632,0
446,2018,SK,장민익,60255,0
447,2018,SK,이케빈,66444,0
448,2018,넥센,브리검,67313,65000
449,2018,넥센,한현희,62363,23000
450,2018,넥센,김상수,76430,16500
451,2018,넥센,최원태,65320,15000
452,2018,넥센,오주원,74359,15000
453,2018,넥센,장필준,77927,14000
454,2018,넥센,신재영,62937,14000
455,2018,넥센,이보근,75342,14000
456,2018,넥센,조상우,63342,12000
457,2018,넥센,장현식,63950,10200
458,2018,넥센,구창모,65933,9000
459,2018,넥센,문성현,60336,8800
460,2018,넥센,김성민,67828,5500
461,2018,넥센,하영민,64350,5500
462,2018,넥센,김동준,62360,4900
463,2018,넥센,윤영삼,61456,4500
464,2018,넥센,이상민,63960,4200
465,2018,넥센,박주현,65348,4000
466,2018,넥센,김정인,65392,3200
467,2018,넥센,양현,61268,3000
468,2018,넥센,오윤성,67360,2900
469,2018,넥센,이영준,64051,2900
470,2018,넥센,손동욱,63619,2800
471,2018,넥센,임규빈,65398,2700
472,2018,넥센,조성운,63348,2700
473,2018,넥센,이승호,67603,2700
474,2018,넥센,서의태,66068,2700
475,2018,넥센,김재웅,67391,2700
476,2018,넥센,안우진,68341,2700
477,2018,넥센,김선기,66018,2700
478,2018,넥센,해커,63938,0
479,2018,넥센,로저스,65742,0
480,2018,넥센,김해수,65345,0
481,2018,두산,린드블럼,65543,135000
482,2018,두산,장원준,74513,100000
483,2018,두산,후랭코프,68240,70000
484,2018,두산,유희관,79229,50000
485,2018,두산,이현승,76329,40000
486,2018,두산,이용찬,77211,23500
487,2018,두산,함덕주,63248,16000
488,2018,두산,김강률,77263,15000
489,2018,두산,김승회,73248,10000
490,2018,두산,홍상삼,78247,9000
491,2018,두산,변진수,62263,6000
492,2018,두산,이현호,61214,5200
493,2018,두산,김명신,67246,5200
494,2018,두산,이영하,66291,4200
495,2018,두산,김정후,61962,3500
496,2018,두산,최대성,74543,3500
497,2018,두산,박치국,67266,3400
498,2018,두산,고봉재,66201,3300
499,2018,두산,유재유,66160,3200
500,2018,두산,박종기,63292,2800
501,2018,두산,이승민,50464,2700
502,2018,두산,최동현,67263,2700
503,2018,두산,문대원,67259,2700
504,2018,두산,한주성,64255,2700
505,2018,두산,현도훈,68260,2700
506,2018,두산,곽빈,68220,2700
507,2018,두산,박정준,61396,2700
508,2018,두산,이동원,62294,2700
509,2018,두산,박성모,68201,2700
510,2018,두산,배창현,68207,2700
511,2018,두산,박신지,68249,2700
512,2018,두산,김민규,68200,2700
513,2018,두산,성영훈,79222,0
514,2018,두산,임진우,60441,0
515,2018,롯데,레일리,65546,111000
516,2018,롯데,손승락,75321,70000
517,2018,롯데,윤길현,72862,50000
518,2018,롯데,송승준,77591,40000
519,2018,롯데,박세웅,64021,25000
520,2018,롯데,배장호,76540,13000
521,2018,롯데,박진형,63512,10500
522,2018,롯데,고효준,72523,10000
523,2018,롯데,노경은,73211,10000
524,2018,롯데,장시환,77318,8500
525,2018,롯데,김원중,62528,6300
526,2018,롯데,박시영,60559,6300
527,2018,롯데,오현택,79293,6000
528,2018,롯데,조무근,65067,5700
529,2018,롯데,최영환,64718,3700
530,2018,롯데,구승민,63543,3400
531,2018,롯데,진명호,79545,3300
532,2018,롯데,이인복,64565,3100
533,2018,롯데,김대우,61365,2900
534,2018,롯데,김대우,78536,2900
535,2018,롯데,차재용,65509,2800
536,2018,롯데,정성종,68556,2700
537,2018,롯데,정태승,62595,2700
538,2018,롯데,최하늘,68501,2700
539,2018,롯데,윤성빈,67588,2700
540,2018,롯데,이승헌,68529,2700
541,2018,롯데,이승헌,68910,2700
542,2018,롯데,김건국,76225,2700
543,2018,롯데,이정민,72551,0
544,2018,롯데,듀브론트,68526,0
545,2018,롯데,조정훈,75537,0
546,2018,롯데,이명우,72535,0
547,2018,롯데,송창현,63791,0
548,2018,삼성,윤성환,74454,80000
549,2018,삼성,우규민,73117,70000
550,2018,삼성,김상수,76430,24000
551,2018,삼성,심창민,61411,23000
552,2018,삼성,장원삼,76355,20000
553,2018,삼성,백정현,77446,15500
554,2018,삼성,권오준,99445,15000
555,2018,삼성,김대우,61365,12000
556,2018,삼성,김대우,78536,12000
557,2018,삼성,박근홍,74630,8000
558,2018,삼성,이승현,60146,7000
559,2018,삼성,한기주,76610,6000
560,2018,삼성,정인욱,79440,5700
561,2018,삼성,김성훈,67762,4700
562,2018,삼성,김성훈,69098,4700
563,2018,삼성,최충연,66451,4500
564,2018,삼성,김승현,66492,4000
565,2018,삼성,임현준,61457,3500
566,2018,삼성,김민수,65048,3300
567,2018,삼성,김시현,67467,3300
568,2018,삼성,최지광,67421,3100
569,2018,삼성,홍정우,65496,2900
570,2018,삼성,장지훈,67443,2800
571,2018,삼성,이수민,64464,2800
572,2018,삼성,최채흥,68419,2700
573,2018,삼성,이재익,63492,2700
574,2018,삼성,김윤수,68403,2700
575,2018,삼성,박세웅,64021,2700
576,2018,삼성,김용하,68453,2700
577,2018,삼성,양창섭,68415,2700
578,2018,삼성,김기태,76461,0
579,2018,삼성,보니야,68400,0
580,2018,삼성,아델만,68435,0
581,2018,삼성,안규현,64462,0
582,2018,삼성,안성무,63027,0
583,2018,삼성,황수범,61496,0
584,2018,한화,정우람,74857,120000
585,2018,한화,배영수,70425,50000
586,2018,한화,권혁,72447,45000
587,2018,한화,송은범,73801,45000
588,2018,한화,안영명,73738,35000
589,2018,한화,송창식,74731,24000
590,2018,한화,윤규진,73750,21000
591,2018,한화,심수창,74167,20000
592,2018,한화,이태양,60768,7300
593,2018,한화,장민재,79764,7100
594,2018,한화,김재영,66741,5300
595,2018,한화,김경태,60757,4000
596,2018,한화,정재원,74748,4000
597,2018,한화,김범수,65769,3600
598,2018,한화,김민우,65764,3600
599,2018,한화,박상원,67703,3100
600,2018,한화,이충호,63749,3000
601,2018,한화,김진영,67737,3000
602,2018,한화,서균,64759,3000
603,2018,한화,문동욱,64554,2900
604,2018,한화,김진욱,68701,2700
605,2018,한화,박주홍,68703,2700
606,2018,한화,윤호솔,63961,2700
607,2018,한화,김종수,63765,2700
608,2018,한화,김성훈,67762,2700
609,2018,한화,김성훈,69098,2700
610,2018,한화,황영국,64760,2700
611,2018,한화,강승현,78552,0
612,2018,한화,헤일,68794,0
613,2018,한화,휠러,68742,0
614,2018,한화,이동걸,77452,0
615,2018,한화,샘슨,68748,0
616,2018,한화,샘슨,50524,0
617,2018,한화,박정진,99737,0
618,2019,KIA,손승락,75321,70000
619,2019,KIA,윌랜드,69656,70000
620,2019,KIA,터너,69640,70000
621,2019,KIA,윤석민,75620,20000
622,2019,KIA,한승혁,61666,8500
623,2019,KIA,한승혁,66557,8500
624,2019,KIA,유승철,67640,6000
625,2019,KIA,박지훈,62637,3500
626,2019,KIA,박경태,76653,3500
627,2019,KIA,장지수,69645,2700
628,2019,KIA,김민수,65048,2700
629,2019,kt,엄상백,65056,8000
630,2019,kt,배우열,79191,4000
631,2019,kt,윤근영,75730,3700
632,2019,kt,김태오,66064,3300
633,2019,kt,김용주,60764,3100
634,2019,kt,신병률,68067,3100
635,2019,kt,박주현,65348,2700
636,2019,kt,김성훈,67762,2700
637,2019,kt,김성훈,69098,2700
638,2019,LG,이동현,71118,10000
639,2019,LG,류제국,63111,10000
640,2019,LG,심수창,74167,5000
641,2019,LG,김영준,68130,3700
642,2019,LG,임지섭,64155,3500
643,2019,LG,김태형,67122,2900
644,2019,LG,김태형,62918,2900
645,2019,LG,성동현,68159,2800
646,2019,LG,남호,69104,2700
647,2019,LG,강정현,69158,2700
648,2019,NC,버틀러,69934,80000
649,2019,NC,이민호,62929,18800
650,2019,NC,이민호,50126,18800
651,2019,NC,프리드릭,69953,15000
652,2019,NC,윤지웅,61329,5800
653,2019,NC,민태호,78366,3600
654,2019,NC,홍성무,65042,3000
655,2019,SK,조성훈,68848,2700
656,2019,넥센,하영민,64350,4500
657,2019,넥센,손동욱,63619,2800
658,2019,넥센,서의태,66068,2700
659,2019,두산,린드블럼,65543,170000
660,2019,두산,후랭코프,68240,110000
661,2019,두산,박정배,75250,14000
662,2019,두산,허준혁,79535,8500
663,2019,두산,윤수호,65064,5000
664,2019,두산,최대성,74543,3500
665,2019,두산,유재유,66160,3200
666,2019,두산,이교훈,69205,2700
667,2019,롯데,레일리,65546,117000
668,2019,롯데,톰슨,69550,76000
669,2019,롯데,다익손,69861,60000
670,2019,롯데,윤길현,72862,50000
671,2019,롯데,윌슨,68135,40000
672,2019,롯데,배영수,70425,10000
673,2019,롯데,고효준,72523,9000
674,2019,롯데,박근홍,74630,5000
675,2019,롯데,정성종,68556,3700
676,2019,롯데,조무근,65067,3500
677,2019,롯데,김민수,65048,2700
678,2019,롯데,박진,69594,2700
679,2019,롯데,송창현,63791,0
680,2019,삼성,맥과이어,69413,95000
681,2019,삼성,헤일리,69435,90000
682,2019,삼성,한기주,76610,7500
683,2019,삼성,김승현,66492,5500
684,2019,삼성,이상민,63960,3700
685,2019,한화,김재영,66741,7100
686,2019,한화,김성훈,67762,3600
687,2019,한화,김성훈,69098,3600
688,2019,한화,이충호,63749,2900
689,2019,한화,김현우,60457,2700
690,2019,한화,박정진,99737,0
691,2020,KIA,양현종,77637,230000
692,2020,KIA,가뇽,50640,65000
693,2020,KIA,브룩스,50636,47900
694,2020,KIA,김윤동,62648,13000
695,2020,KIA,문경찬,65643,11500
696,2020,KIA,박준표,63638,11000
697,2020,KIA,임기준,60634,10000
698,2020,KIA,전상현,66609,7600
699,2020,KIA,최원준,67263,7000
700,2020,KIA,임기영,62754,7000
701,2020,KIA,하준영,68639,6500
702,2020,KIA,박진태,67646,6000
703,2020,KIA,고영창,63628,5800
704,2020,KIA,홍건희,61643,5300
705,2020,KIA,변시원,62263,5000
706,2020,KIA,황윤호,62908,5000
707,2020,KIA,이민우,65616,4300
708,2020,KIA,홍상삼,78247,4000
709,2020,KIA,이준영,65665,4000
710,2020,KIA,황인준,65618,3700
711,2020,KIA,차명진,64615,3600
712,2020,KIA,김기훈,69620,3500
713,2020,KIA,김명찬,65696,3500
714,2020,KIA,남재현,66660,3100
715,2020,KIA,박정수,65639,3000
716,2020,KIA,양승철,69646,3000
717,2020,KIA,김현수,69516,3000
718,2020,KIA,김현준,66630,2900
719,2020,KIA,정해영,50662,2700
720,2020,KIA,김승범,68616,2700
721,2020,KIA,김민수,65048,2700
722,2020,KIA,가뇽,50640,0
723,2020,kt,쿠에바스,69032,60000
724,2020,kt,데스파이네,50040,45000
725,2020,kt,강백호,68050,21000
726,2020,kt,이보근,75342,20000
727,2020,kt,금민철,75258,15000
728,2020,kt,주권,65060,15000
729,2020,kt,김재윤,65062,12000
730,2020,kt,배제성,65516,11000
731,2020,kt,이대은,67008,10000
732,2020,kt,전유수,75340,10000
733,2020,kt,배장호,76540,8000
734,2020,kt,정성곤,65058,7500
735,2020,kt,김성훈,67762,7000
736,2020,kt,김성훈,69098,7000
737,2020,kt,이상화,77563,6800
738,2020,kt,김민수,65048,6500
739,2020,kt,하준호,78517,4500
740,2020,kt,이창재,65057,4200
741,2020,kt,유원상,76757,4000
742,2020,kt,류희운,64029,3500
743,2020,kt,이종혁,67066,3400
744,2020,kt,이정현,67048,3300
745,2020,kt,안현준,64041,3200
746,2020,kt,박세진,66047,3200
747,2020,kt,조근종,63104,3000
748,2020,kt,조현우,64047,3000
749,2020,kt,이선우,69068,2900
750,2020,kt,이상동,69054,2900
751,2020,kt,김태훈,79847,2900
752,2020,kt,김태훈,62360,2900
753,2020,kt,전용주,69047,2800
754,2020,kt,조한욱,65827,2800
755,2020,kt,조병욱,67045,2700
756,2020,kt,한승지,66039,2700
757,2020,kt,이강준,50036,2700
758,2020,kt,소형준,50030,2700
759,2020,LG,김현수,69516,130000
760,2020,LG,차우찬,76455,100000
761,2020,LG,윌슨,68135,90000
762,2020,LG,켈리,65856,90000
763,2020,LG,켈리,69103,90000
764,2020,LG,송은범,73801,27000
765,2020,LG,진해수,76650,25000
766,2020,LG,고우석,67119,22000
767,2020,LG,임찬규,61101,13500
768,2020,LG,정찬헌,78148,13000
769,2020,LG,김지용,60181,11000
770,2020,LG,정우영,69159,8000
771,2020,LG,이우찬,61145,7500
772,2020,LG,정용운,79617,7000
773,2020,LG,최동환,79140,7000
774,2020,LG,문광은,60845,6000
775,2020,LG,배재준,63145,5700
776,2020,LG,여건욱,79825,5300
777,2020,LG,최성훈,62146,4700
778,2020,LG,김대유,60337,4500
779,2020,LG,한선태,69111,3200
780,2020,LG,류원석,63103,3000
781,2020,LG,백청훈,78819,3000
782,2020,LG,오석주,67116,3000
783,2020,LG,이상영,69168,3000
784,2020,LG,이상규,65117,2900
785,2020,LG,김윤식,50157,2700
786,2020,LG,이민호,62929,2700
787,2020,LG,이민호,50126,2700
788,2020,LG,이정용,69134,2700
789,2020,LG,김태형,67122,0
790,2020,LG,김태형,62918,0
791,2020,LG,성재헌,50109,0
792,2020,NC,루친스키,69940,100000
793,2020,NC,이재학,60263,27500
794,2020,NC,원종현,76118,26000
795,2020,NC,구창모,65933,18000
796,2020,NC,박진우,63991,16000
797,2020,NC,김진성,75867,16000
798,2020,NC,임창민,78352,16000
799,2020,NC,강윤구,79358,15500
800,2020,NC,장현식,63950,11000
801,2020,NC,홍성민,62655,10000
802,2020,NC,최성영,66920,9500
803,2020,NC,임정호,63959,9200
804,2020,NC,김건태,60339,9000
805,2020,NC,김영규,68900,6300
806,2020,NC,강동연,61295,3400
807,2020,NC,배민서,69974,3000
808,2020,NC,홍성무,65042,3000
809,2020,NC,전사민,69969,3000
810,2020,NC,김재균,68908,2900
811,2020,NC,임형원,50900,2700
812,2020,NC,이승헌,68529,2700
813,2020,NC,이승헌,68910,2700
814,2020,NC,김태현,67956,2700
815,2020,NC,김태경,50992,2700
816,2020,NC,김진호,67954,2700
817,2020,NC,신민혁,68902,2700
818,2020,NC,소이현,67962,2700
819,2020,NC,송명기,69962,2700
820,2020,NC,안인산,50901,2700
821,2020,NC,라이트,50912,0
822,2020,SK,킹엄,50815,50000
823,2020,SK,박종훈,60841,29000
824,2020,SK,문승원,62869,25700
825,2020,SK,윤석민,75620,24000
826,2020,SK,김태훈,79847,24000
827,2020,SK,김태훈,62360,24000
828,2020,SK,서진용,61895,20000
829,2020,SK,윤희상,74838,15500
830,2020,SK,하재훈,69813,15000
831,2020,SK,김세현,76350,12000
832,2020,SK,정영일,62056,11000
833,2020,SK,신재웅,75138,11000
834,2020,SK,박민호,64893,10000
835,2020,SK,강지광,79130,4800
836,2020,SK,이승진,64805,4700
837,2020,SK,정수민,66960,4200
838,2020,SK,김택형,65343,3700
839,2020,SK,이건욱,64861,3000
840,2020,SK,김정우,68830,3000
841,2020,SK,김찬호,66801,2900
842,2020,SK,김성민,67828,2700
843,2020,SK,양선률,50813,2700
844,2020,SK,오원석,50859,2700
845,2020,SK,윤강민,63936,2700
846,2020,SK,핀토,50835,0
847,2020,넥센,브리검,67313,80000
848,2020,넥센,요키시,69343,55000
849,2020,넥센,최원태,65320,37000
850,2020,넥센,김상수,76430,30000
851,2020,넥센,한현희,62363,29000
852,2020,넥센,조상우,63342,20000
853,2020,넥센,오주원,74359,20000
854,2020,넥센,김성민,67828,9700
855,2020,넥센,양현,61268,9000
856,2020,넥센,이승호,67603,8500
857,2020,넥센,김태훈,79847,8000
858,2020,넥센,김태훈,62360,8000
859,2020,넥센,신재영,62937,7000
860,2020,넥센,윤영삼,61456,6000
861,2020,넥센,이영준,64051,5500
862,2020,넥센,안우진,68341,4800
863,2020,넥센,문성현,60336,4200
864,2020,넥센,김선기,66018,4200
865,2020,넥센,박주현,65348,4000
866,2020,넥센,김정후,61962,3500
867,2020,넥센,조성운,63348,3000
868,2020,넥센,차재용,65509,2900
869,2020,넥센,김재웅,67391,2700
870,2020,넥센,윤정현,69399,2700
871,2020,넥센,조영건,69360,2700
872,2020,넥센,박주홍,68703,2700
873,2020,넥센,박주성,69328,2700
874,2020,넥센,임규빈,65398,2700
875,2020,넥센,정대현,60264,0
876,2020,두산,유희관,79229,47000
877,2020,두산,알칸타라,69045,45000
878,2020,두산,이용찬,77211,42000
879,2020,두산,이현승,76329,40000
880,2020,두산,장원준,74513,30000
881,2020,두산,이영하,66291,27000
882,2020,두산,윤명준,62242,21000
883,2020,두산,함덕주,63248,21000
884,2020,두산,권혁,72447,20000
885,2020,두산,김강률,77263,15000
886,2020,두산,이형범,62951,14200
887,2020,두산,김승회,73248,10000
888,2020,두산,박치국,67266,8000
889,2020,두산,최원준,67263,5900
890,2020,두산,박신지,68249,3100
891,2020,두산,김민규,68200,2900
892,2020,두산,박종기,63292,2900
893,2020,두산,채지선,65241,2800
894,2020,두산,조제영,50296,2700
895,2020,두산,최세창,50298,2700
896,2020,두산,김성민,67828,2700
897,2020,두산,박지훈,62637,2700
898,2020,두산,이승민,50464,2700
899,2020,두산,이동원,62294,2700
900,2020,두산,이주엽,50262,2700
901,2020,두산,플렉센,50234,0
902,2020,두산,한주성,64255,0
903,2020,두산,전용훈,64267,0
904,2020,두산,배창현,68207,0
905,2020,롯데,스트레일리,50558,50000
906,2020,롯데,노경은,73211,20000
907,2020,롯데,진명호,79545,12500
908,2020,롯데,박세웅,64021,11000
909,2020,롯데,김원중,62528,10000
910,2020,롯데,박진형,63512,9000
911,2020,롯데,구승민,63543,8000
912,2020,롯데,박시영,60559,7900
913,2020,롯데,김유영,64596,6200
914,2020,롯데,오현택,79293,6000
915,2020,롯데,김건국,76225,5400
916,2020,롯데,강동호,67591,5100
917,2020,롯데,장원삼,76355,5000
918,2020,롯데,송승준,77591,5000
919,2020,롯데,서준원,69539,4600
920,2020,롯데,최영환,64718,3400
921,2020,롯데,김민수,65048,3000
922,2020,롯데,이인복,64565,3000
923,2020,롯데,김대우,61365,2900
924,2020,롯데,김대우,78536,2900
925,2020,롯데,최건,68036,2900
926,2020,롯데,윤성빈,67588,2800
927,2020,롯데,정태승,62595,2800
928,2020,롯데,최준용,50556,2700
929,2020,롯데,최하늘,68501,2700
930,2020,롯데,박명현,50592,2700
931,2020,롯데,한승혁,61666,2700
932,2020,롯데,한승혁,66557,2700
933,2020,롯데,이승헌,68529,2700
934,2020,롯데,이승헌,68910,2700
935,2020,롯데,샘슨,68748,0
936,2020,롯데,샘슨,50524,0
937,2020,삼성,오승환,75421,120000
938,2020,삼성,우규민,73117,70000
939,2020,삼성,뷰캐넌,50404,60000
940,2020,삼성,라이블리,69439,50000
941,2020,삼성,윤성환,74454,40000
942,2020,삼성,백정현,77446,28000
943,2020,삼성,김상수,76430,25000
944,2020,삼성,장필준,77927,21500
945,2020,삼성,권오준,99445,15000
946,2020,삼성,김대우,61365,11500
947,2020,삼성,김대우,78536,11500
948,2020,삼성,임현준,61457,11000
949,2020,삼성,이승현,60146,10000
950,2020,삼성,최충연,66451,9000
951,2020,삼성,원태인,69446,8000
952,2020,삼성,최지광,67421,8000
953,2020,삼성,최채흥,68419,7500
954,2020,삼성,양창섭,68415,5000
955,2020,삼성,정인욱,79440,5000
956,2020,삼성,김민수,65048,4300
957,2020,삼성,임대한,66493,4000
958,2020,삼성,김윤수,68403,3700
959,2020,삼성,김시현,67467,3300
960,2020,삼성,장지훈,67443,3000
961,2020,삼성,홍정우,65496,3000
962,2020,삼성,김용하,68453,2800
963,2020,삼성,허윤동,50449,2700
964,2020,삼성,황동재,50441,2700
965,2020,삼성,홍원표,50430,2700
966,2020,삼성,이수민,64464,2700
967,2020,삼성,이승민,50464,2700
968,2020,한화,정우람,74857,80000
969,2020,한화,채드벨,69748,40000
970,2020,한화,안영명,73738,35000
971,2020,한화,송창식,74731,20000
972,2020,한화,윤규진,73750,20000
973,2020,한화,이태양,60768,14000
974,2020,한화,신정락,60140,12000
975,2020,한화,장시환,77318,11000
976,2020,한화,장민재,79764,11000
977,2020,한화,박상원,67703,9000
978,2020,한화,임준섭,62611,8800
979,2020,한화,김범수,65769,6500
980,2020,한화,이현호,61214,4900
981,2020,한화,서균,64759,4500
982,2020,한화,김민우,65764,4200
983,2020,한화,김종수,63765,3800
984,2020,한화,김경태,60757,3700
985,2020,한화,김이환,69745,3700
986,2020,한화,박주홍,68703,3500
987,2020,한화,노시환,69737,3300
988,2020,한화,송창현,63791,3300
989,2020,한화,김진영,67737,3200
990,2020,한화,문동욱,64554,3200
991,2020,한화,박윤철,69762,3200
992,2020,한화,윤호솔,63961,2900
993,2020,한화,황영국,64760,2900
994,2020,한화,김진욱,68701,2900
995,2020,한화,윤대경,63464,2800
996,2020,한화,한승주,50726,2700
997,2020,한화,김현우,60457,2700
998,2020,한화,송윤준,61156,2700
999,2021,KIA,브룩스,50636,100000
1000,2021,KIA,최원준,67263,13000
1001,2021,KIA,박준표,63638,11000
1002,2021,KIA,장현식,63950,11000
1003,2021,KIA,김윤동,62648,10000
1004,2021,KIA,심동섭,60636,8000
1005,2021,KIA,전상현,66609,7600
1006,2021,KIA,임기영,62754,7000
1007,2021,KIA,하준영,68639,6500
1008,2021,KIA,박진태,67646,6000
1009,2021,KIA,고영창,63628,5800
1010,2021,KIA,황윤호,62908,4500
1011,2021,KIA,이민우,65616,4300
1012,2021,KIA,변시원,62263,4000
1013,2021,KIA,홍상삼,78247,4000
1014,2021,KIA,이준영,65665,4000
1015,2021,KIA,김명찬,65696,3500
1016,2021,KIA,황인준,65618,3400
1017,2021,KIA,차명진,64615,3300
1018,2021,KIA,양승철,69646,3200
1019,2021,KIA,남재현,66660,3100
1020,2021,KIA,김현수,69516,3000
1021,2021,KIA,김유신,68659,3000
1022,2021,KIA,김현준,66630,2900
1023,2021,KIA,서덕원,66663,2800
1024,2021,KIA,김재열,64580,2700
1025,2021,KIA,정해영,50662,2700
1026,2021,kt,쿠에바스,69032,60000
1027,2021,kt,데스파이네,50040,45000
1028,2021,kt,안영명,73738,35000
1029,2021,kt,강백호,68050,21000
1030,2021,kt,이보근,75342,20000
1031,2021,kt,주권,65060,15000
1032,2021,kt,김재윤,65062,12000
1033,2021,kt,고영표,64001,12000
1034,2021,kt,배제성,65516,11000
1035,2021,kt,전유수,75340,10000
1036,2021,kt,유원상,76757,8000
1037,2021,kt,심재민,64017,8000
1038,2021,kt,박시영,60559,7900
1039,2021,kt,김민수,65048,6500
1040,2021,kt,이대은,67008,5000
1041,2021,kt,하준호,78517,4500
1042,2021,kt,이창재,65057,4200
1043,2021,kt,류희운,64029,3500
1044,2021,kt,이종혁,67066,3400
1045,2021,kt,이정현,67048,3300
1046,2021,kt,안현준,64041,3200
1047,2021,kt,이상동,69054,3200
1048,2021,kt,김성훈,67762,3200
1049,2021,kt,김성훈,69098,3200
1050,2021,kt,이선우,69068,3000
1051,2021,kt,한승지,66039,3000
1052,2021,kt,조한욱,65827,3000
1053,2021,kt,조현우,64047,3000
1054,2021,kt,김태훈,79847,2900
1055,2021,kt,김태훈,62360,2900
1056,2021,kt,김대현,66145,2700
1057,2021,kt,소형준,50030,2700
1058,2021,kt,조병욱,67045,2700
1059,2021,kt,이강준,50036,2700
1060,2021,LG,김현수,69516,130000
1061,2021,LG,차우찬,76455,100000
1062,2021,LG,켈리,65856,90000
1063,2021,LG,켈리,69103,90000
1064,2021,LG,송은범,73801,27000
1065,2021,LG,진해수,76650,25000
1066,2021,LG,고우석,67119,22000
1067,2021,LG,함덕주,63248,21000
1068,2021,LG,임찬규,61101,13500
1069,2021,LG,정찬헌,78148,13000
1070,2021,LG,김지용,60181,11000
1071,2021,LG,임정우,61891,10500
1072,2021,LG,고효준,72523,10000
1073,2021,LG,정우영,69159,8000
1074,2021,LG,이우찬,61145,7500
1075,2021,LG,최동환,79140,7000
1076,2021,LG,배재준,63145,5700
1077,2021,LG,최성훈,62146,4700
1078,2021,LG,김대유,60337,4500
1079,2021,LG,손주영,67143,3300
1080,2021,LG,한선태,69111,3200
1081,2021,LG,이상영,69168,3100
1082,2021,LG,임지섭,64155,3000
1083,2021,LG,박민호,64893,3000
1084,2021,LG,류원석,63103,3000
1085,2021,LG,김지용,60181,3000
1086,2021,LG,김대현,66145,3000
1087,2021,LG,오석주,67116,3000
1088,2021,LG,이상규,65117,2900
1089,2021,LG,채지선,65241,2800
1090,2021,LG,김윤식,50157,2700
1091,2021,LG,이민호,62929,2700
1092,2021,LG,이민호,50126,2700
1093,2021,LG,이정용,69134,2700
1094,2021,LG,이찬혁,67164,2700
1095,2021,NC,루친스키,69940,100000
1096,2021,NC,이재학,60263,27500
1097,2021,NC,원종현,76118,26000
1098,2021,NC,구창모,65933,18000
1099,2021,NC,임창민,78352,16000
1100,2021,NC,김진성,75867,16000
1101,2021,NC,강윤구,79358,15500
1102,2021,NC,문경찬,65643,11500
1103,2021,NC,홍성민,62655,10000
1104,2021,NC,최금강,62966,10000
1105,2021,NC,임정호,63959,9200
1106,2021,NC,김건태,60339,9000
1107,2021,NC,김영규,68900,6300
1108,2021,NC,손정욱,63914,4600
1109,2021,NC,강동연,61295,3400
1110,2021,NC,소이현,67962,3100
1111,2021,NC,배민서,69974,3100
1112,2021,NC,이호중,65937,3000
1113,2021,NC,임형원,50900,3000
1114,2021,NC,김민수,65048,3000
1115,2021,NC,박정수,65639,3000
1116,2021,NC,김진우,72641,3000
1117,2021,NC,이승헌,68529,3000
1118,2021,NC,이승헌,68910,3000
1119,2021,NC,김태현,67956,2700
1120,2021,NC,김태경,50992,2700
1121,2021,NC,송명기,69962,2700
1122,2021,NC,신민혁,68902,2700
1123,2021,NC,안인산,50901,2700
1124,2021,NC,김진호,67954,2700
1125,2021,NC,류진욱,65949,2700
1126,2021,넥센,브리검,67313,90000
1127,2021,넥센,요키시,69343,55000
1128,2021,넥센,최원태,65320,37000
1129,2021,넥센,조상우,63342,33000
1130,2021,넥센,한현희,62363,29000
1131,2021,넥센,오주원,74359,20000
1132,2021,넥센,양현,61268,9000
1133,2021,넥센,이승호,67603,8500
1134,2021,넥센,김태훈,79847,8000
1135,2021,넥센,김태훈,62360,8000
1136,2021,넥센,김성민,67828,6000
1137,2021,넥센,이영준,64051,5500
1138,2021,넥센,안우진,68341,4800
1139,2021,넥센,조성운,63348,4500
1140,2021,넥센,임규빈,65398,4500
1141,2021,넥센,문성현,60336,4200
1142,2021,넥센,김선기,66018,4200
1143,2021,넥센,박주현,65348,4000
1144,2021,넥센,김정인,65392,3200
1145,2021,넥센,김정후,61962,3200
1146,2021,넥센,차재용,65509,3000
1147,2021,넥센,김현우,60457,3000
1148,2021,넥센,오윤성,67360,3000
1149,2021,넥센,김동혁,50360,2700
1150,2021,넥센,박관진,50397,2700
1151,2021,넥센,조영건,69360,2700
1152,2021,넥센,박주성,69328,2700
1153,2021,넥센,정재원,74748,2700
1154,2021,넥센,박주홍,68703,2700
1155,2021,넥센,윤정현,69399,2700
1156,2021,넥센,김재웅,67391,2700
1157,2021,넥센,박승주,66305,2700
1158,2021,두산,이현승,76329,40000
1159,2021,두산,장원준,74513,30000
1160,2021,두산,유희관,79229,30000
1161,2021,두산,이영하,66291,27000
1162,2021,두산,윤명준,62242,21000
1163,2021,두산,김강률,77263,15000
1164,2021,두산,이형범,62951,14200
1165,2021,두산,박치국,67266,8000
1166,2021,두산,최원준,67263,5900
1167,2021,두산,김민규,68200,5500
1168,2021,두산,홍건희,61643,5300
1169,2021,두산,김명신,67246,5200
1170,2021,두산,이승진,64805,4700
1171,2021,두산,곽빈,68220,3500
1172,2021,두산,고봉재,66201,3300
1173,2021,두산,이주엽,50262,3100
1174,2021,두산,박지훈,62637,3100
1175,2021,두산,조제영,50296,3100
1176,2021,두산,박성모,68201,3000
1177,2021,두산,박종기,63292,2900
1178,2021,두산,남호,69104,2700
1179,2021,두산,이동원,62294,2700
1180,2021,두산,권휘,50203,2700
1181,2021,두산,최세창,50298,2700
1182,2021,두산,문대원,67259,2700
1183,2021,두산,이교훈,69205,2700
1184,2021,롯데,스트레일리,50558,90000
1185,2021,롯데,스트레일리,50558,50000
1186,2021,롯데,노경은,73211,20000
1187,2021,롯데,진명호,79545,12500
1188,2021,롯데,박세웅,64021,11000
1189,2021,롯데,김원중,62528,10000
1190,2021,롯데,구승민,63543,8000
1191,2021,롯데,오현택,79293,7500
1192,2021,롯데,김유영,64596,6200
1193,2021,롯데,김건국,76225,6000
1194,2021,롯데,송승준,77591,5000
1195,2021,롯데,서준원,69539,4600
1196,2021,롯데,강동호,67591,3500
1197,2021,롯데,한승혁,61666,3400
1198,2021,롯데,한승혁,66557,3400
1199,2021,롯데,최영환,64718,3400
1200,2021,롯데,박명현,50592,3200
1201,2021,롯데,이인복,64565,3000
1202,2021,롯데,김진욱,68701,3000
1203,2021,롯데,김민수,65048,3000
1204,2021,롯데,김대우,61365,2900
1205,2021,롯데,김대우,78536,2900
1206,2021,롯데,윤성빈,67588,2800
1207,2021,롯데,이승헌,68529,2700
1208,2021,롯데,이승헌,68910,2700
1209,2021,롯데,최준용,50556,2700
1210,2021,삼성,오승환,75421,120000
1211,2021,삼성,우규민,73117,70000
1212,2021,삼성,뷰캐넌,50404,60000
1213,2021,삼성,라이블리,69439,50000
1214,2021,삼성,백정현,77446,28000
1215,2021,삼성,심창민,61411,28000
1216,2021,삼성,김상수,76430,25000
1217,2021,삼성,장필준,77927,21500
1218,2021,삼성,최채흥,68419,16000
1219,2021,삼성,최지광,67421,12000
1220,2021,삼성,김대우,61365,11500
1221,2021,삼성,김대우,78536,11500
1222,2021,삼성,임현준,61457,10000
1223,2021,삼성,이승현,60146,10000
1224,2021,삼성,최충연,66451,9000
1225,2021,삼성,원태인,69446,8000
1226,2021,삼성,양창섭,68415,5000
1227,2021,삼성,김민수,65048,4300
1228,2021,삼성,장지훈,67443,4200
1229,2021,삼성,임대한,66493,4000
1230,2021,삼성,김윤수,68403,3700
1231,2021,삼성,이상민,63960,3200
1232,2021,삼성,홍원표,50430,3100
1233,2021,삼성,박세웅,64021,3000
1234,2021,삼성,홍정우,65496,3000
1235,2021,삼성,봉민호,65802,3000
1236,2021,삼성,이승현,60146,3000
1237,2021,삼성,김현준,66630,3000
1238,2021,삼성,이재익,63492,2800
1239,2021,삼성,허윤동,50449,2700
1240,2021,삼성,황동재,50441,2700
1241,2021,삼성,이승민,50464,2700
1242,2021,삼성,이수민,64464,2700
1243,2021,한화,정우람,74857,80000
1244,2021,한화,신정락,60140,12000
1245,2021,한화,장민재,79764,11000
1246,2021,한화,장시환,77318,11000
1247,2021,한화,임준섭,62611,8800
1248,2021,한화,김진영,67737,7900
1249,2021,한화,김범수,65769,6500
1250,2021,한화,김민우,65764,4200
1251,2021,한화,김진욱,68701,3900
1252,2021,한화,김종수,63765,3800
1253,2021,한화,서균,64759,3700
1254,2021,한화,김이환,69745,3700
1255,2021,한화,문동욱,64554,3600
1256,2021,한화,오동욱,69703,3300
1257,2021,한화,노시환,69737,3300
1258,2021,한화,장웅정,50706,3300
1259,2021,한화,정인욱,79440,3000
1260,2021,한화,이충호,63749,2900
1261,2021,한화,황영국,64760,2900
1262,2021,한화,윤호솔,63961,2900
1263,2021,한화,윤대경,63464,2800
1264,2021,한화,김기탁,67711,2700
1265,2021,한화,한승주,50726,2700
1266,2021,한화,송윤준,61156,2700
1267,2021,한화,강재민,50705,2700
1268,2022,KIA,양현종,77637,100000
1269,2022,KIA,장현식,63950,20000
1270,2022,KIA,정해영,50662,17000
1271,2022,KIA,임기영,62754,14000
1272,2022,KIA,박준표,63638,12500
1273,2022,KIA,전상현,66609,11000
1274,2022,KIA,홍상삼,78247,10000
1275,2022,KIA,이준영,65665,6700
1276,2022,KIA,박진태,67646,6000
1277,2022,KIA,한승혁,61666,5300
1278,2022,KIA,한승혁,66557,5300
1279,2022,KIA,이민우,65616,4800
1280,2022,KIA,고영창,63628,4200
1281,2022,KIA,김현수,69516,4000
1282,2022,KIA,유승철,67640,4000
1283,2022,KIA,김재열,64580,3900
1284,2022,KIA,김유신,68659,3700
1285,2022,KIA,서덕원,66663,3600
1286,2022,KIA,김현준,66630,3400
1287,2022,KIA,장지수,69645,3200
1288,2022,KIA,김도영,66098,3000
1289,2022,KIA,강이준,67604,3000
1290,2022,KIA,김승범,68616,2700
1291,2022,KIA,김민수,65048,0
1292,2022,kt,쿠에바스,69032,80000
1293,2022,kt,데스파이네,50040,70000
1294,2022,kt,강백호,68050,55000
1295,2022,kt,고영표,64001,30000
1296,2022,kt,주권,65060,29500
1297,2022,kt,김재윤,65062,28000
1298,2022,kt,배제성,65516,27000
1299,2022,kt,소형준,50030,20000
1300,2022,kt,박시영,60559,12000
1301,2022,kt,김민수,65048,11500
1302,2022,kt,조현우,64047,9500
1303,2022,kt,안영명,73738,8500
1304,2022,kt,심재민,64017,8200
1305,2022,kt,전유수,75340,8000
1306,2022,kt,엄상백,65056,8000
1307,2022,kt,정성곤,65058,7500
1308,2022,kt,김성훈,67762,7000
1309,2022,kt,김성훈,69098,7000
1310,2022,kt,이창재,65057,6700
1311,2022,kt,하준호,78517,5000
1312,2022,kt,김태훈,79847,4100
1313,2022,kt,김태훈,62360,4100
1314,2022,kt,이정현,67048,3500
1315,2022,kt,김태오,66064,3400
1316,2022,kt,조병욱,67045,3400
1317,2022,kt,류희운,64029,3300
1318,2022,kt,안현준,64041,3200
1319,2022,kt,신병률,68067,3100
1320,2022,kt,박주현,65348,2700
1321,2022,kt,김대현,66145,2700
1322,2022,kt,김도영,66098,0
1323,2022,kt,이종혁,67066,0
1324,2022,kt,전용주,69047,0
1325,2022,LG,김현수,69516,150000
1326,2022,LG,켈리,65856,90000
1327,2022,LG,켈리,69103,90000
1328,2022,LG,차우찬,76455,30000
1329,2022,LG,진해수,76650,30000
1330,2022,LG,정우영,69159,28000
1331,2022,LG,고우석,67119,27000
1332,2022,LG,임찬규,61101,20000
1333,2022,LG,송은범,73801,15000
1334,2022,LG,김대유,60337,12500
1335,2022,LG,함덕주,63248,12000
1336,2022,LG,최성훈,62146,10500
1337,2022,LG,임정우,61891,10500
1338,2022,LG,김진성,75867,10000
1339,2022,LG,이민호,62929,9800
1340,2022,LG,이민호,50126,9800
1341,2022,LG,김윤식,50157,7000
1342,2022,LG,최동환,79140,6000
1343,2022,LG,이정용,69134,5000
1344,2022,LG,배재준,63145,5000
1345,2022,LG,이우찬,61145,5000
1346,2022,LG,류원석,63103,4000
1347,2022,LG,채지선,65241,4000
1348,2022,LG,손주영,67143,3800
1349,2022,LG,이상규,65117,3700
1350,2022,LG,김영준,68130,3500
1351,2022,LG,오석주,67116,3500
1352,2022,LG,강정현,69158,3300
1353,2022,LG,김태형,67122,3200
1354,2022,LG,김태형,62918,3200
1355,2022,LG,이찬혁,67164,3100
1356,2022,LG,김지용,60181,3000
1357,2022,LG,성동현,68159,3000
1358,2022,LG,허준혁,79535,3000
1359,2022,LG,임지섭,64155,3000
1360,2022,LG,김대현,66145,0
1361,2022,NC,루친스키,69940,160000
1362,2022,NC,이용찬,77211,40000
1363,2022,NC,심창민,61411,28000
1364,2022,NC,원종현,76118,27000
1365,2022,NC,구창모,65933,19000
1366,2022,NC,이재학,60263,18000
1367,2022,NC,송명기,69962,13000
1368,2022,NC,홍성민,62655,12500
1369,2022,NC,신민혁,68902,12000
1370,2022,NC,임정호,63959,10500
1371,2022,NC,이민호,62929,10000
1372,2022,NC,이민호,50126,10000
1373,2022,NC,김영규,68900,9500
1374,2022,NC,류진욱,65949,7500
1375,2022,NC,김건태,60339,5300
1376,2022,NC,강동연,61295,4200
1377,2022,NC,하준영,68639,4000
1378,2022,NC,손정욱,63914,4000
1379,2022,NC,김태경,50992,3300
1380,2022,NC,이우석,65964,3300
1381,2022,NC,전사민,69969,3000
1382,2022,NC,김재균,68908,3000
1383,2022,NC,안인산,50901,3000
1384,2022,NC,서의태,66068,3000
1385,2022,NC,김진우,72641,3000
1386,2022,NC,김진호,67954,3000
1387,2022,NC,김태현,67956,3000
1388,2022,넥센,요키시,69343,90000
1389,2022,넥센,최원태,65320,31000
1390,2022,넥센,정찬헌,78148,28000
1391,2022,넥센,한현희,62363,25000
1392,2022,넥센,김태훈,79847,19000
1393,2022,넥센,김태훈,62360,19000
1394,2022,넥센,안우진,68341,15000
1395,2022,넥센,김재웅,67391,10400
1396,2022,넥센,양현,61268,10000
1397,2022,넥센,이승호,67603,8500
1398,2022,넥센,김선기,66018,6300
1399,2022,넥센,김동혁,50360,6000
1400,2022,넥센,이영준,64051,6000
1401,2022,넥센,김성민,67828,6000
1402,2022,넥센,윤정현,69399,4100
1403,2022,넥센,하영민,64350,4000
1404,2022,넥센,김정인,65392,4000
1405,2022,넥센,박주성,69328,4000
1406,2022,넥센,문성현,60336,3500
1407,2022,넥센,조영건,69360,3400
1408,2022,넥센,박주현,65348,3200
1409,2022,넥센,박승주,66305,3200
1410,2022,넥센,박주홍,68703,3200
1411,2022,넥센,김현우,60457,3000
1412,2022,넥센,정재원,74748,3000
1413,2022,넥센,김민수,65048,3000
1414,2022,넥센,박관진,50397,3000
1415,2022,넥센,오윤성,67360,3000
1416,2022,두산,최원준,67263,34000
1417,2022,두산,홍건희,61643,25000
1418,2022,두산,김강률,77263,22500
1419,2022,두산,이영하,66291,16000
1420,2022,두산,박치국,67266,14500
1421,2022,두산,윤명준,62242,14000
1422,2022,두산,임창민,78352,12000
1423,2022,두산,이승진,64805,11000
1424,2022,두산,김명신,67246,10000
1425,2022,두산,이현승,76329,10000
1426,2022,두산,이형범,62951,8100
1427,2022,두산,곽빈,68220,6500
1428,2022,두산,김지용,60181,6000
1429,2022,두산,박정수,65639,5000
1430,2022,두산,장원준,74513,5000
1431,2022,두산,윤수호,65064,4000
1432,2022,두산,권휘,50203,3700
1433,2022,두산,남호,69104,3500
1434,2022,두산,이교훈,69205,3300
1435,2022,두산,현도훈,68260,3200
1436,2022,두산,문대원,67259,3200
1437,2022,두산,유재유,66160,3200
1438,2022,두산,최세창,50298,3100
1439,2022,두산,박신지,68249,3100
1440,2022,두산,김성민,67828,3000
1441,2022,두산,김동준,62360,3000
1442,2022,롯데,김원중,62528,28000
1443,2022,롯데,박세웅,64021,26000
1444,2022,롯데,구승민,63543,18100
1445,2022,롯데,최준용,50556,10700
1446,2022,롯데,문경찬,65643,9000
1447,2022,롯데,이인복,64565,8500
1448,2022,롯데,서준원,69539,8400
1449,2022,롯데,강윤구,79358,7300
1450,2022,롯데,진명호,79545,6500
1451,2022,롯데,김대우,61365,6500
1452,2022,롯데,김대우,78536,6500
1453,2022,롯데,이승헌,68529,5300
1454,2022,롯데,이승헌,68910,5300
1455,2022,롯데,김민수,65048,5300
1456,2022,롯데,김진욱,68701,5100
1457,2022,롯데,김유영,64596,4800
1458,2022,롯데,최영환,64718,4700
1459,2022,롯데,정성종,68556,4100
1460,2022,롯데,조무근,65067,3300
1461,2022,롯데,윤성빈,67588,3100
1462,2022,롯데,박진,69594,3100
1463,2022,롯데,최건,68036,3000
1464,2022,롯데,김민수,65048,3000
1465,2022,롯데,이강준,50036,3000
1466,2022,삼성,오승환,75421,160000
1467,2022,삼성,뷰캐넌,50404,110000
1468,2022,삼성,백정현,77446,80000
1469,2022,삼성,원태인,69446,30000
1470,2022,삼성,김상수,76430,25000
1471,2022,삼성,우규민,73117,20000
1472,2022,삼성,장필준,77927,12000
1473,2022,삼성,김대우,61365,12000
1474,2022,삼성,김대우,78536,12000
1475,2022,삼성,이승현,60146,10000
1476,2022,삼성,김윤수,68403,6500
1477,2022,삼성,김민수,65048,6200
1478,2022,삼성,김승현,66492,5500
1479,2022,삼성,이승현,60146,5500
1480,2022,삼성,이상민,63960,5500
1481,2022,삼성,홍정우,65496,5300
1482,2022,삼성,양창섭,68415,4700
1483,2022,삼성,허윤동,50449,4700
1484,2022,삼성,최충연,66451,4500
1485,2022,삼성,이승민,50464,4100
1486,2022,삼성,임대한,66493,4000
1487,2022,삼성,이재익,63492,3700
1488,2022,삼성,박세웅,64021,3300
1489,2022,삼성,김현준,66630,3300
1490,2022,삼성,황동재,50441,3100
1491,2022,삼성,최하늘,68501,3000
1492,2022,삼성,박정준,61396,0
1493,2022,한화,정우람,74857,80000
1494,2022,한화,김민우,65764,19100
1495,2022,한화,강재민,50705,15000
1496,2022,한화,노시환,69737,12000
1497,2022,한화,윤대경,63464,9730
1498,2022,한화,김범수,65769,9680
1499,2022,한화,장시환,77318,8700
1500,2022,한화,김종수,63765,7900
1501,2022,한화,장민재,79764,7600
1502,2022,한화,윤호솔,63961,6350
1503,2022,한화,김재영,66741,5500
1504,2022,한화,신정락,60140,5400
1505,2022,한화,송윤준,61156,4100
1506,2022,한화,임준섭,62611,4000
1507,2022,한화,김기탁,67711,3500
1508,2022,한화,황영국,64760,3400
1509,2022,한화,이충호,63749,3200
1510,2022,한화,박윤철,69762,3200
1511,2022,한화,한승주,50726,3000
1512,2023,KIA,양현종,77637,100000
1513,2023,KIA,장현식,63950,20000
1514,2023,KIA,정해영,50662,17000
1515,2023,KIA,임기영,62754,14000
1516,2023,KIA,박준표,63638,12500
1517,2023,KIA,김대유,60337,12500
1518,2023,KIA,전상현,66609,11000
1519,2023,KIA,이준영,65665,6700
1520,2023,KIA,김건국,76225,6000
1521,2023,KIA,김승현,66492,5500
1522,2023,KIA,고영창,63628,4200
1523,2023,KIA,김기훈,69620,4000
1524,2023,KIA,유승철,67640,4000
1525,2023,KIA,김재열,64580,3900
1526,2023,KIA,김유신,68659,3700
1527,2023,KIA,장지수,69645,3200
1528,2023,KIA,김민수,65048,3000
1529,2023,KIA,김도영,66098,3000
1530,2023,KIA,강이준,67604,3000
1531,2023,kt,강백호,68050,55000
1532,2023,kt,고영표,64001,30000
1533,2023,kt,주권,65060,29500
1534,2023,kt,김재윤,65062,28000
1535,2023,kt,배제성,65516,27000
1536,2023,kt,소형준,50030,20000
1537,2023,kt,박시영,60559,12000
1538,2023,kt,김민수,65048,11500
1539,2023,kt,조현우,64047,9500
1540,2023,kt,심재민,64017,8200
1541,2023,kt,엄상백,65056,8000
1542,2023,kt,하준호,78517,5000
1543,2023,kt,김민,68043,4000
1544,2023,kt,이정현,67048,3500
1545,2023,kt,김태오,66064,3400
1546,2023,kt,조병욱,67045,3400
1547,2023,kt,박세진,66047,3200
1548,2023,kt,이종혁,67066,3100
1549,2023,kt,신병률,68067,3100
1550,2023,kt,이선우,69068,3000
1551,2023,kt,전용주,69047,2800
1552,2023,kt,손동현,69041,2700
1553,2023,LG,김현수,69516,150000
1554,2023,LG,켈리,65856,90000
1555,2023,LG,켈리,69103,90000
1556,2023,LG,진해수,76650,30000
1557,2023,LG,정우영,69159,28000
1558,2023,LG,고우석,67119,27000
1559,2023,LG,임찬규,61101,20000
1560,2023,LG,함덕주,63248,12000
1561,2023,LG,임정우,61891,10500
1562,2023,LG,최성훈,62146,10500
1563,2023,LG,김진성,75867,10000
1564,2023,LG,이민호,62929,9800
1565,2023,LG,이민호,50126,9800
1566,2023,LG,김윤식,50157,7000
1567,2023,LG,윤호솔,63961,6350
1568,2023,LG,최동환,79140,6000
1569,2023,LG,이정용,69134,5000
1570,2023,LG,이우찬,61145,5000
1571,2023,LG,배재준,63145,5000
1572,2023,LG,김유영,64596,4800
1573,2023,LG,채지선,65241,4000
1574,2023,LG,손주영,67143,3800
1575,2023,LG,이상규,65117,3700
1576,2023,LG,오석주,67116,3500
1577,2023,LG,김영준,68130,3500
1578,2023,LG,김태형,67122,3200
1579,2023,LG,김태형,62918,3200
1580,2023,LG,이찬혁,67164,3100
1581,2023,LG,허준혁,79535,3000
1582,2023,LG,성동현,68159,3000
1583,2023,LG,성재헌,50109,0
1584,2023,NC,이용찬,77211,40000
1585,2023,NC,심창민,61411,28000
1586,2023,NC,구창모,65933,19000
1587,2023,NC,이재학,60263,18000
1588,2023,NC,송명기,69962,13000
1589,2023,NC,신민혁,68902,12000
1590,2023,NC,임정호,63959,10500
1591,2023,NC,이민호,62929,10000
1592,2023,NC,이민호,50126,10000
1593,2023,NC,김영규,68900,9500
1594,2023,NC,류진욱,65949,7500
1595,2023,NC,최성영,66920,7200
1596,2023,NC,배재환,64995,4300
1597,2023,NC,하준영,68639,4000
1598,2023,NC,이우석,65964,3300
1599,2023,NC,전사민,69969,3000
1600,2023,NC,임형원,50900,3000
1601,2023,NC,김태현,67956,3000
1602,2023,NC,김진호,67954,3000
1603,2023,NC,김재균,68908,3000
1604,2023,NC,서의태,66068,3000
1605,2023,넥센,요키시,69343,90000
1606,2023,넥센,최원태,65320,31000
1607,2023,넥센,정찬헌,78148,28000
1608,2023,넥센,원종현,76118,27000
1609,2023,넥센,한현희,62363,25000
1610,2023,넥센,김태훈,79847,19000
1611,2023,넥센,김태훈,62360,19000
1612,2023,넥센,안우진,68341,15000
1613,2023,넥센,홍성민,62655,12500
1614,2023,넥센,임창민,78352,12000
1615,2023,넥센,김재웅,67391,10400
1616,2023,넥센,양현,61268,10000
1617,2023,넥센,이승호,67603,8500
1618,2023,넥센,김선기,66018,6300
1619,2023,넥센,김동혁,50360,6000
1620,2023,넥센,이영준,64051,6000
1621,2023,넥센,윤정현,69399,4100
1622,2023,넥센,변시원,62263,4000
1623,2023,넥센,박주성,69328,4000
1624,2023,넥센,김정인,65392,4000
1625,2023,넥센,하영민,64350,4000
1626,2023,넥센,문성현,60336,3500
1627,2023,넥센,박주현,65348,3200
1628,2023,넥센,박승주,66305,3200
1629,2023,넥센,이강준,50036,3000
1630,2023,넥센,오윤성,67360,3000
1631,2023,두산,알칸타라,69045,45000
1632,2023,두산,최원준,67263,34000
1633,2023,두산,홍건희,61643,25000
1634,2023,두산,김강률,77263,22500
1635,2023,두산,박치국,67266,14500
1636,2023,두산,이승진,64805,11000
1637,2023,두산,김명신,67246,10000
1638,2023,두산,이형범,62951,8100
1639,2023,두산,곽빈,68220,6500
1640,2023,두산,김지용,60181,6000
1641,2023,두산,장원준,74513,5000
1642,2023,두산,박정수,65639,5000
1643,2023,두산,고봉재,66201,3300
1644,2023,두산,박신지,68249,3100
1645,2023,두산,이주엽,50262,3100
1646,2023,두산,배창현,68207,0
1647,2023,롯데,스트레일리,50558,90000
1648,2023,롯데,김상수,76430,30000
1649,2023,롯데,차우찬,76455,30000
1650,2023,롯데,김원중,62528,28000
1651,2023,롯데,박세웅,64021,26000
1652,2023,롯데,구승민,63543,18100
1653,2023,롯데,윤명준,62242,14000
1654,2023,롯데,최준용,50556,10700
1655,2023,롯데,문경찬,65643,9000
1656,2023,롯데,이인복,64565,8500
1657,2023,롯데,서준원,69539,8400
1658,2023,롯데,신정락,60140,5400
1659,2023,롯데,김민수,65048,5300
1660,2023,롯데,김진욱,68701,5100
1661,2023,롯데,최영환,64718,4700
1662,2023,롯데,정성종,68556,4100
1663,2023,롯데,현도훈,68260,3200
1664,2023,롯데,정태승,62595,3200
1665,2023,롯데,윤성빈,67588,3100
1666,2023,롯데,박진,69594,3100
1667,2023,삼성,오승환,75421,160000
1668,2023,삼성,뷰캐넌,50404,110000
1669,2023,삼성,백정현,77446,80000
1670,2023,삼성,원태인,69446,30000
1671,2023,삼성,김상수,76430,25000
1672,2023,삼성,우규민,73117,20000
1673,2023,삼성,김대우,61365,12000
1674,2023,삼성,김대우,78536,12000
1675,2023,삼성,장필준,77927,12000
1676,2023,삼성,이승현,60146,10000
1677,2023,삼성,김민수,65048,6200
1678,2023,삼성,이승현,60146,5500
1679,2023,삼성,이상민,63960,5500
1680,2023,삼성,홍정우,65496,5300
1681,2023,삼성,허윤동,50449,4700
1682,2023,삼성,양창섭,68415,4700
1683,2023,삼성,최충연,66451,4500
1684,2023,삼성,김태훈,79847,4100
1685,2023,삼성,김태훈,62360,4100
1686,2023,삼성,이재익,63492,3700
1687,2023,삼성,박세웅,64021,3300
1688,2023,삼성,김현준,66630,3300
1689,2023,삼성,황동재,50441,3100
1690,2023,삼성,박진우,63991,3000
1691,2023,삼성,최하늘,68501,3000
1692,2023,삼성,김용하,68453,2800
1693,2023,한화,정우람,74857,80000
1694,2023,한화,김민우,65764,19100
1695,2023,한화,강재민,50705,15000
1696,2023,한화,이태양,60768,12000
1697,2023,한화,노시환,69737,12000
1698,2023,한화,윤대경,63464,9730
1699,2023,한화,김범수,65769,9680
1700,2023,한화,박상원,67703,9000
1701,2023,한화,장시환,77318,8700
1702,2023,한화,김종수,63765,7900
1703,2023,한화,장민재,79764,7600
1704,2023,한화,김재영,66741,5500
1705,2023,한화,한승혁,61666,5300
1706,2023,한화,한승혁,66557,5300
1707,2023,한화,이민우,65616,4800
1708,2023,한화,송윤준,61156,4100
1709,2023,한화,류원석,63103,4000
1710,2023,한화,류희운,64029,3300
1711,2023,한화,이충호,63749,3200
1712,2023,한화,최원준,67263,3000
1713,2023,한화,한승주,50726,3000
1714,2023,한화,김현우,60457,2700
1715,2017,KIA,헥터,66643,170000
1716,2017,KIA,최형우,72443,150000
1717,2017,KIA,윤석민,74215,125000
1718,2017,KIA,버나디나,67650,75000
1719,2017,KIA,이범호,70756,65000
1720,2017,KIA,김주찬,70410,60000
1721,2017,KIA,나지완,78629,60000
1722,2017,KIA,안치홍,79608,22000
1723,2017,KIA,이명기,76849,15000
1724,2017,KIA,서동욱,73606,15000
1725,2017,KIA,김주형,74605,11000
1726,2017,KIA,김주형,69306,11000
1727,2017,KIA,신종길,72559,9800
1728,2017,KIA,김호령,65653,9500
1729,2017,KIA,김선빈,78603,8000
1730,2017,KIA,김민식,62864,6000
1731,2017,KIA,백용환,78643,5500
1732,2017,KIA,최정민,62893,5500
1733,2017,KIA,박지훈,50204,5000
1734,2017,KIA,고장혁,63636,4300
1735,2017,KIA,오준혁,61743,4200
1736,2017,KIA,이호신,77648,4000
1737,2017,KIA,김지성,62007,3800
1738,2017,KIA,홍재호,60605,3700
1739,2017,KIA,최정용,65464,3500
1740,2017,KIA,최병연,60658,3300
1741,2017,KIA,한승택,63722,3100
1742,2017,KIA,이인행,60648,3100
1743,2017,KIA,최원준,66606,3100
1744,2017,KIA,김규성,66614,2800
1745,2017,KIA,신범수,66662,2800
1746,2017,KIA,류승현,66615,2800
1747,2017,KIA,김석환,67610,2700
1748,2017,KIA,노관현,66804,2700
1749,2017,KIA,박진태,67646,2700
1750,2017,KIA,유승철,67640,2700
1751,2017,kt,유한준,74339,60000
1752,2017,kt,모넬,67024,45000
1753,2017,kt,이진영,99810,40000
1754,2017,kt,이진영,66657,40000
1755,2017,kt,이대형,73153,30000
1756,2017,kt,박경수,73113,23000
1757,2017,kt,박기혁,70553,15000
1758,2017,kt,김재윤,65062,9000
1759,2017,kt,오정복,79453,7000
1760,2017,kt,오태곤,60558,6000
1761,2017,kt,하준호,78517,5200
1762,2017,kt,심우준,64006,5000
1763,2017,kt,장성우,78548,5000
1764,2017,kt,전민수,78361,5000
1765,2017,kt,이해창,60343,4500
1766,2017,kt,유민상,62265,4500
1767,2017,kt,김사연,78753,4000
1768,2017,kt,김동욱,77462,3100
1769,2017,kt,김만수,65044,3000
1770,2017,kt,이준수,77654,3000
1771,2017,kt,김진곤,63088,3000
1772,2017,kt,남태혁,66052,3000
1773,2017,kt,김태훈,65040,3000
1774,2017,kt,정주후,65096,2900
1775,2017,kt,정현,63450,2800
1776,2017,kt,홍현빈,67005,2700
1777,2017,kt,이재근,67092,2700
1778,2017,kt,모넬,67024,0
1779,2017,kt,김연훈,77609,0
1780,2017,LG,박용택,72133,80000
1781,2017,LG,이동현,71118,60000
1782,2017,LG,정상호,71842,50000
1783,2017,LG,오지환,79109,35000
1784,2017,LG,정성훈,99606,30000
1785,2017,LG,손주인,72456,20000
1786,2017,LG,채은성,79192,16000
1787,2017,LG,김용의,78217,12000
1788,2017,LG,이병규,76100,12000
1789,2017,LG,임훈,74823,10000
1790,2017,LG,유강남,61102,10000
1791,2017,LG,이천웅,61186,9300
1792,2017,LG,양석환,64153,9000
1793,2017,LG,문선재,79113,8000
1794,2017,LG,최재원,63913,6500
1795,2017,LG,정주현,79150,6000
1796,2017,LG,이형종,78135,6000
1797,2017,LG,서상우,62164,5500
1798,2017,LG,안익훈,65115,5000
1799,2017,LG,정찬헌,78148,4500
1800,2017,LG,백창수,60100,4200
1801,2017,LG,윤진호,79198,4000
1802,2017,LG,강승호,63123,3500
1803,2017,LG,박재욱,64100,3500
1804,2017,LG,장준원,64115,3200
1805,2017,LG,조윤준,62147,3000
1806,2017,LG,김재율,61114,2900
1807,2017,LG,전준호,67123,2700
1808,2017,LG,김주성,66162,2700
1809,2017,LG,황목치승,63077,0
1810,2017,LG,조인성,98144,0
1811,2017,LG,로니,67134,0
1812,2017,LG,윤요섭,78892,0
1813,2017,LG,이호준,94629,0
1814,2017,LG,히메네스,65103,0
1815,2017,NC,스크럭스,67935,80000
1816,2017,NC,박석민,74465,75000
1817,2017,NC,이종욱,73339,50000
1818,2017,NC,손시헌,73213,40000
1819,2017,NC,나성범,62947,35000
1820,2017,NC,박민우,62907,25000
1821,2017,NC,이민호,62929,16000
1822,2017,NC,지석훈,73306,14900
1823,2017,NC,모창민,78813,11700
1824,2017,NC,김성욱,62934,10000
1825,2017,NC,김준완,63920,7000
1826,2017,NC,권희동,63963,6800
1827,2017,NC,김종민,79364,5500
1828,2017,NC,이상호,60566,4800
1829,2017,NC,박준영,66928,4000
1830,2017,NC,조평호,74358,3500
1831,2017,NC,윤병호,62016,3000
1832,2017,NC,이재율,66968,3000
1833,2017,NC,황윤호,62908,3000
1834,2017,NC,박광열,64944,3000
1835,2017,NC,박헌욱,62921,2700
1836,2017,NC,김찬형,66917,2700
1837,2017,NC,강구성,62917,2700
1838,2017,NC,김민수,67504,2700
1839,2017,NC,김민수,64793,2700
1840,2017,NC,조원빈,66992,2700
1841,2017,NC,강진성,62925,2700
1842,2017,NC,신진호,67944,2700
1843,2017,NC,도태훈,66965,2700
1844,2017,NC,김태우,62927,0
1845,2017,NC,박민석,69056,0
1846,2017,NC,김종호,77454,0
1847,2017,NC,조영훈,75441,0
1848,2017,SK,최정,75847,120000
1849,2017,SK,김강민,71837,60000
1850,2017,SK,박정권,74846,40000
1851,2017,SK,이대수,72860,35000
1852,2017,SK,이재원,76812,35000
1853,2017,SK,이재원,68106,35000
1854,2017,SK,로맥,67872,30000
1855,2017,SK,정의윤,75151,30000
1856,2017,SK,김성현,76802,28000
1857,2017,SK,나주환,73209,15000
1858,2017,SK,전유수,75340,11000
1859,2017,SK,이홍구,63634,10000
1860,2017,SK,김재현,62332,7000
1861,2017,SK,김재현,76869,7000
1862,2017,SK,김재현,64499,7000
1863,2017,SK,노수광,63704,6800
1864,2017,SK,최승준,76158,6200
1865,2017,SK,이성우,71184,6000
1866,2017,SK,김동엽,66838,4700
1867,2017,SK,윤정우,61652,4000
1868,2017,SK,박승욱,62802,3500
1869,2017,SK,조용호,64868,3100
1870,2017,SK,정진기,61869,2900
1871,2017,SK,김태훈,65040,2800
1872,2017,SK,박성한,67893,2700
1873,2017,SK,안상현,66864,2700
1874,2017,SK,최항,62884,0
1875,2017,SK,워스,67827,0
1876,2017,넥센,이택근,73342,50000
1877,2017,넥센,서건창,78168,40000
1878,2017,넥센,김민성,77564,37000
1879,2017,넥센,채태인,77463,30000
1880,2017,넥센,김하성,64300,22000
1881,2017,넥센,윤석민,74215,21000
1882,2017,넥센,박동원,79365,20000
1883,2017,넥센,고종욱,61353,12000
1884,2017,넥센,김상수,79402,12000
1885,2017,넥센,박정음,62353,6600
1886,2017,넥센,임병욱,64346,6500
1887,2017,넥센,유재신,76368,6500
1888,2017,넥센,김지수,79300,6200
1889,2017,넥센,김지수,67394,6200
1890,2017,넥센,김지수,65503,6200
1891,2017,넥센,김재현,62332,5300
1892,2017,넥센,김재현,76869,5300
1893,2017,넥센,김재현,64499,5300
1894,2017,넥센,김태완,76746,5000
1895,2017,넥센,장시윤,63360,3600
1896,2017,넥센,홍성갑,61366,3600
1897,2017,넥센,장영석,79334,3600
1898,2017,넥센,허정협,65399,3300
1899,2017,넥센,주효상,66354,3000
1900,2017,넥센,송성문,65357,3000
1901,2017,넥센,강지광,79130,3000
1902,2017,넥센,김웅빈,65898,3000
1903,2017,넥센,김규민,62356,2700
1904,2017,넥센,이병규,76100,2700
1905,2017,넥센,이정후,67341,2700
1906,2017,넥센,김혜성,67304,2700
1907,2017,넥센,김성현,76802,2700
1908,2017,넥센,김성민,69860,2700
1909,2017,넥센,김성민,50848,2700
1910,2017,넥센,김민준,63339,2700
1911,2017,넥센,송우현,65362,2700
1912,2017,넥센,채상현,66302,0
1913,2017,넥센,대니돈,66306,0
1914,2017,넥센,김태완,76746,0
1915,2017,넥센,김종덕,66392,0
1916,2017,두산,김재호,74206,65000
1917,2017,두산,민병헌,76249,55000
1918,2017,두산,오재원,77248,55000
1919,2017,두산,양의지,76232,48000
1920,2017,두산,허경민,79240,30000
1921,2017,두산,김재환,78224,20000
1922,2017,두산,오재일,75334,19800
1923,2017,두산,박건우,79215,19500
1924,2017,두산,최주환,76267,10000
1925,2017,두산,김강률,77263,6200
1926,2017,두산,박세혁,62244,6000
1927,2017,두산,신성현,64086,5700
1928,2017,두산,류지혁,62234,5700
1929,2017,두산,국해성,79290,5000
1930,2017,두산,정진호,61208,4700
1931,2017,두산,조수행,66209,3600
1932,2017,두산,김인태,63257,3000
1933,2017,두산,이성곤,64266,2800
1934,2017,두산,이우성,63260,2800
1935,2017,두산,황경태,66207,2700
1936,2017,두산,정기훈,64209,2700
1937,2017,두산,박유연,67202,2700
1938,2017,두산,이원재,62025,2700
1939,2017,두산,이병휘,67207,2700
1940,2017,두산,김민혁,65269,0
1941,2017,두산,김민혁,64004,0
1942,2017,두산,이승엽,95436,0
1943,2017,두산,에반스,66244,0
1944,2017,롯데,이대호,71564,250000
1945,2017,롯데,강민호,74540,100000
1946,2017,롯데,손아섭,77532,65000
1947,2017,롯데,번즈,67598,60000
1948,2017,롯데,번즈,68525,60000
1949,2017,롯데,최준석,71552,40000
1950,2017,롯데,전준우,78513,20500
1951,2017,롯데,전준우,76249,20500
1952,2017,롯데,노경은,73211,16000
1953,2017,롯데,정훈,60523,15000
1954,2017,롯데,김문호,76509,14000
1955,2017,롯데,문규현,72546,12000
1956,2017,롯데,김상호,62559,6000
1957,2017,롯데,오승택,60558,6000
1958,2017,롯데,박헌도,79356,5600
1959,2017,롯데,신본기,62556,5500
1960,2017,롯데,김동한,61204,3800
1961,2017,롯데,나경민,66508,3600
1962,2017,롯데,김민하,61554,3600
1963,2017,롯데,김대륙,65513,3400
1964,2017,롯데,안중열,64022,3000
1965,2017,롯데,김대우,78536,3000
1966,2017,롯데,김재유,65506,3000
1967,2017,롯데,김사훈,61591,2900
1968,2017,롯데,황진수,78566,2800
1969,2017,롯데,나종덕,67539,2700
1970,2017,롯데,김주현,66749,0
1971,2017,롯데,김주현,77669,0
1972,2017,롯데,최경철,73824,0
1973,2017,롯데,이우민,71565,0
1974,2017,삼성,러프,67450,110000
1975,2017,삼성,박한이,71432,45000
1976,2017,삼성,조동찬,72466,40000
1977,2017,삼성,김상수,79402,31000
1978,2017,삼성,이원석,75566,30000
1979,2017,삼성,이원석,68700,30000
1980,2017,삼성,이지영,79456,26000
1981,2017,삼성,박해민,62415,23000
1982,2017,삼성,구자욱,62404,16000
1983,2017,삼성,김대우,78536,15000
1984,2017,삼성,배영섭,79465,15000
1985,2017,삼성,백상원,60456,9000
1986,2017,삼성,강한울,64610,9000
1987,2017,삼성,이영욱,78467,6500
1988,2017,삼성,우동균,78454,5500
1989,2017,삼성,김헌곤,61404,5000
1990,2017,삼성,정병곤,61104,3500
1991,2017,삼성,김민수,67504,3000
1992,2017,삼성,김민수,64793,3000
1993,2017,삼성,권정웅,65412,3000
1994,2017,삼성,최영진,61197,3000
1995,2017,삼성,이현동,62499,2800
1996,2017,삼성,김성훈,66462,2700
1997,2017,삼성,나원탁,67454,2700
1998,2017,삼성,김성윤,67449,2700
1999,2017,삼성,안주형,66406,2700
2000,2017,삼성,최선호,64493,0
2001,2017,삼성,김정혁,61463,0
2002,2017,삼성,성의준,62406,0
2003,2017,삼성,문선엽,60464,0
2004,2017,삼성,나성용,61742,0
2005,2017,삼성,정성훈,99606,0
2006,2017,한화,김태균,71752,160000
2007,2017,한화,이용규,74163,90000
2008,2017,한화,정근우,75808,70000
2009,2017,한화,이성열,73136,23000
2010,2017,한화,송광민,76753,20000
2011,2017,한화,최진행,74729,17000
2012,2017,한화,장민석,71347,10000
2013,2017,한화,하주석,62700,9000
2014,2017,한화,양성우,62797,8000
2015,2017,한화,허도환,77243,7800
2016,2017,한화,오선진,78756,7600
2017,2017,한화,강경학,61700,6200
2018,2017,한화,최재훈,78288,5800
2019,2017,한화,김회성,79705,5500
2020,2017,한화,정범모,76720,5500
2021,2017,한화,최윤석,60805,5200
2022,2017,한화,임익준,77464,3500
2023,2017,한화,이창열,64706,3200
2024,2017,한화,박준혁,64724,2900
2025,2017,한화,박준혁,68003,2900
2026,2017,한화,김주현,66749,2800
2027,2017,한화,김주현,77669,2800
2028,2017,한화,김성훈,66462,2700
2029,2017,한화,강상원,66710,2700
2030,2017,한화,김태연,66704,2700
2031,2017,한화,김창혁,60184,2700
2032,2017,한화,김경언,71610,0
2033,2017,한화,차일목,73602,0
2034,2017,한화,정현석,78745,0
2035,2017,한화,로사리오,66740,0
2036,2017,한화,박윤,77848,0
2037,2017,한화,이양기,73725,0
2038,2017,한화,이종환,60667,0
2039,2018,KIA,최형우,72443,150000
2040,2018,KIA,윤석민,74215,125000
2041,2018,KIA,이범호,70756,65000
2042,2018,KIA,나지완,78629,60000
2043,2018,KIA,김주찬,70410,40000
2044,2018,KIA,안치홍,79608,32000
2045,2018,KIA,김선빈,78603,28000
2046,2018,KIA,이명기,76849,25000
2047,2018,KIA,서동욱,73606,18500
2048,2018,KIA,김민식,62864,15000
2049,2018,KIA,김주형,74605,7500
2050,2018,KIA,김주형,69306,7500
2051,2018,KIA,최원준,66606,7500
2052,2018,KIA,한승택,63722,7500
2053,2018,KIA,유재신,76368,6500
2054,2018,KIA,최정민,62893,5500
2055,2018,KIA,백용환,78643,5300
2056,2018,KIA,유민상,62265,4500
2057,2018,KIA,박지훈,50204,4200
2058,2018,KIA,오준혁,61743,4000
2059,2018,KIA,박준태,64657,3800
2060,2018,KIA,홍재호,60605,3500
2061,2018,KIA,이인행,60648,3200
2062,2018,KIA,황윤호,62908,3100
2063,2018,KIA,문경찬,65643,3100
2064,2018,KIA,류승현,66615,2900
2065,2018,KIA,신범수,66662,2900
2066,2018,KIA,유승철,67640,2800
2067,2018,KIA,황인준,65618,2800
2068,2018,KIA,김석환,67610,2800
2069,2018,KIA,오정환,68614,2700
2070,2018,KIA,한준수,68646,2700
2071,2018,KIA,최병연,60658,0
2072,2018,KIA,김성민,69860,0
2073,2018,KIA,김성민,50848,0
2074,2018,KIA,헥터,66643,0
2075,2018,KIA,신종길,72559,0
2076,2018,KIA,정성훈,99606,0
2077,2018,KIA,버나디나,67650,0
2078,2018,KIA,이영욱,78467,0
2079,2018,KIA,노관현,66804,0
2080,2018,KIA,김지성,62007,0
2081,2018,KIA,이호신,77648,0
2082,2018,kt,황재균,76313,120000
2083,2018,kt,로하스,67025,80000
2084,2018,kt,유한준,74339,60000
2085,2018,kt,윤석민,74215,31000
2086,2018,kt,박경수,73113,23000
2087,2018,kt,이대형,73153,20000
2088,2018,kt,김재윤,65062,11000
2089,2018,kt,오태곤,60558,8300
2090,2018,kt,정현,63450,7800
2091,2018,kt,장성우,78548,7300
2092,2018,kt,이해창,60343,7100
2093,2018,kt,심우준,64006,6300
2094,2018,kt,하준호,78517,5700
2095,2018,kt,전민수,78361,5100
2096,2018,kt,남태혁,66052,3300
2097,2018,kt,김진곤,63088,3300
2098,2018,kt,김만수,65044,3100
2099,2018,kt,이창진,64560,3100
2100,2018,kt,송민섭,64012,3000
2101,2018,kt,안치영,67006,3000
2102,2018,kt,이준수,77654,3000
2103,2018,kt,김태훈,65040,3000
2104,2018,kt,정주후,65096,3000
2105,2018,kt,홍현빈,67005,2900
2106,2018,kt,김병희,64014,2700
2107,2018,kt,강백호,68050,2700
2108,2018,kt,문상인,67063,2700
2109,2018,kt,박준혁,64724,2700
2110,2018,kt,박준혁,68003,2700
2111,2018,kt,안승한,64011,2700
2112,2018,kt,고명성,68069,2700
2113,2018,kt,김동욱,77462,0
2114,2018,kt,오정복,79453,0
2115,2018,kt,박기혁,70553,0
2116,2018,kt,김지열,78753,0
2117,2018,kt,김성윤,67449,0
2118,2018,LG,김현수,76290,140000
2119,2018,LG,박용택,72133,80000
2120,2018,LG,윌슨,69569,80000
2121,2018,LG,이동현,71118,60000
2122,2018,LG,정상호,71842,50000
2123,2018,LG,오지환,79109,29000
2124,2018,LG,유강남,61102,18500
2125,2018,LG,양석환,64153,16000
2126,2018,LG,채은성,79192,11000
2127,2018,LG,이형종,78135,10500
2128,2018,LG,정찬헌,78148,9500
2129,2018,LG,안익훈,65115,9000
2130,2018,LG,김용의,78217,9000
2131,2018,LG,이천웅,61186,8000
2132,2018,LG,문선재,79113,7000
2133,2018,LG,임훈,74823,7000
2134,2018,LG,김재율,61114,6800
2135,2018,LG,강승호,63123,6600
2136,2018,LG,정주현,79150,5000
2137,2018,LG,박지규,65136,5000
2138,2018,LG,윤진호,79198,4200
2139,2018,LG,장시윤,63360,3600
2140,2018,LG,서상우,62164,3500
2141,2018,LG,장준원,64115,3400
2142,2018,LG,최민창,65157,3000
2143,2018,LG,백승현,65109,3000
2144,2018,LG,양원혁,64117,2900
2145,2018,LG,김재성,65132,2900
2146,2018,LG,김주성,66162,2900
2147,2018,LG,윤대영,63905,2900
2148,2018,LG,한석현,64101,2700
2149,2018,LG,전준호,67123,2700
2150,2018,LG,이재원,76812,2700
2151,2018,LG,이재원,68106,2700
2152,2018,LG,류형우,64164,2700
2153,2018,LG,문성주,68119,2700
2154,2018,LG,강구성,62917,0
2155,2018,LG,가르시아,68103,0
2156,2018,LG,조윤준,62147,0
2157,2018,NC,박석민,74465,75000
2158,2018,NC,손시헌,73213,50000
2159,2018,NC,나성범,62947,43000
2160,2018,NC,박민우,62907,32000
2161,2018,NC,이민호,62929,18800
2162,2018,NC,모창민,78813,18500
2163,2018,NC,지석훈,73306,15000
2164,2018,NC,권희동,63963,13000
2165,2018,NC,김성욱,62934,10500
2166,2018,NC,이상호,60566,7500
2167,2018,NC,정범모,76720,5500
2168,2018,NC,김종민,79364,5300
2169,2018,NC,노진혁,62931,4300
2170,2018,NC,박광열,64944,3600
2171,2018,NC,이재율,66968,3200
2172,2018,NC,도태훈,66965,3000
2173,2018,NC,강진성,62925,3000
2174,2018,NC,신진호,67944,2800
2175,2018,NC,유영준,63903,2700
2176,2018,NC,윤수강,62537,2700
2177,2018,NC,이원재,62025,2700
2178,2018,NC,이인혁,68901,2700
2179,2018,NC,오영수,68904,2700
2180,2018,NC,김진형,79234,2700
2181,2018,NC,김형준,68912,2700
2182,2018,NC,박헌욱,62921,2700
2183,2018,NC,김철호,68906,2700
2184,2018,NC,김민수,67504,2700
2185,2018,NC,김민수,64793,2700
2186,2018,NC,김찬형,66917,2700
2187,2018,NC,조원빈,66992,0
2188,2018,NC,조평호,74358,0
2189,2018,NC,김도환,69442,0
2190,2018,NC,스크럭스,67935,0
2191,2018,NC,윤병호,62016,0
2192,2018,NC,이종욱,73339,0
2193,2018,SK,최정,75847,120000
2194,2018,SK,김강민,71837,60000
2195,2018,SK,로맥,67872,50000
2196,2018,SK,박정권,74846,40000
2197,2018,SK,이재원,76812,35000
2198,2018,SK,이재원,68106,35000
2199,2018,SK,정의윤,75151,30000
2200,2018,SK,나주환,73209,30000
2201,2018,SK,김성현,76802,25000
2202,2018,SK,노수광,63704,13000
2203,2018,SK,김동엽,66838,11500
2204,2018,SK,이성우,71184,9000
2205,2018,SK,전유수,75340,8500
2206,2018,SK,허도환,77243,6800
2207,2018,SK,정진기,61869,6200
2208,2018,SK,조용호,64868,6200
2209,2018,SK,최승준,76158,5600
2210,2018,SK,김재현,62332,5100
2211,2018,SK,김재현,76869,5100
2212,2018,SK,김재현,64499,5100
2213,2018,SK,박승욱,62802,4500
2214,2018,SK,최항,62884,4200
2215,2018,SK,김태훈,65040,4000
2216,2018,SK,강지광,79130,3000
2217,2018,SK,윤정우,61652,3000
2218,2018,SK,최민재,63895,2800
2219,2018,SK,최준우,68868,2700
2220,2018,SK,안상현,66864,2700
2221,2018,SK,박성한,67893,2700
2222,2018,넥센,박병호,75125,150000
2223,2018,넥센,이택근,73342,50000
2224,2018,넥센,서건창,78168,38000
2225,2018,넥센,김민성,77564,35000
2226,2018,넥센,김하성,64300,32000
2227,2018,넥센,박동원,79365,18000
2228,2018,넥센,김상수,79402,16500
2229,2018,넥센,이정후,67341,11000
2230,2018,넥센,고종욱,61353,11000
2231,2018,넥센,김지수,79300,6200
2232,2018,넥센,김지수,67394,6200
2233,2018,넥센,김지수,65503,6200
2234,2018,넥센,김태완,76746,6000
2235,2018,넥센,장영석,79334,6000
2236,2018,넥센,김성민,69860,5500
2237,2018,넥센,김성민,50848,5500
2238,2018,넥센,박정음,62353,5500
2239,2018,넥센,김재현,62332,5000
2240,2018,넥센,김재현,76869,5000
2241,2018,넥센,김재현,64499,5000
2242,2018,넥센,임병욱,64346,5000
2243,2018,넥센,허정협,65399,4500
2244,2018,넥센,주효상,66354,3500
2245,2018,넥센,송성문,65357,3500
2246,2018,넥센,김혜성,67304,2900
2247,2018,넥센,김규민,62356,2900
2248,2018,넥센,추재현,68362,2700
2249,2018,넥센,이병규,76100,2700
2250,2018,넥센,변상권,68305,2700
2251,2018,넥센,김수환,68346,2700
2252,2018,넥센,김종덕,66392,2700
2253,2018,넥센,예진원,68330,2700
2254,2018,넥센,초이스,67394,0
2255,2018,넥센,김성현,76802,0
2256,2018,두산,김재호,74206,65000
2257,2018,두산,양의지,76232,60000
2258,2018,두산,오재원,77248,55000
2259,2018,두산,김재환,78224,47000
2260,2018,두산,박건우,79215,37000
2261,2018,두산,오재일,75334,30000
2262,2018,두산,허경민,79240,26500
2263,2018,두산,최주환,76267,20000
2264,2018,두산,김강률,77263,15000
2265,2018,두산,박세혁,62244,10000
2266,2018,두산,류지혁,62234,9500
2267,2018,두산,정진호,61208,8500
2268,2018,두산,신성현,64086,5700
2269,2018,두산,국해성,79290,5000
2270,2018,두산,조수행,66209,4500
2271,2018,두산,김정후,61962,3500
2272,2018,두산,김인태,63257,3200
2273,2018,두산,백동훈,63559,3000
2274,2018,두산,김민혁,65269,3000
2275,2018,두산,김민혁,64004,3000
2276,2018,두산,양종민,79530,2900
2277,2018,두산,황경태,66207,2800
2278,2018,두산,이우성,63260,2800
2279,2018,두산,장승현,63202,2800
2280,2018,두산,박유연,67202,2800
2281,2018,두산,이승민,68211,2700
2282,2018,두산,전민재,68205,2700
2283,2018,두산,이병휘,67207,2700
2284,2018,두산,김호준,65522,2700
2285,2018,두산,권민석,68204,2700
2286,2018,두산,김경호,64260,2700
2287,2018,두산,파레디스,68244,0
2288,2018,두산,반슬라이크,68245,0
2289,2018,두산,이원재,62025,0
2290,2018,롯데,이대호,71564,250000
2291,2018,롯데,손아섭,77532,150000
2292,2018,롯데,민병헌,76249,100000
2293,2018,롯데,번즈,67598,73000
2294,2018,롯데,번즈,68525,73000
2295,2018,롯데,전준우,78513,27000
2296,2018,롯데,전준우,76249,27000
2297,2018,롯데,채태인,77463,20000
2298,2018,롯데,문규현,72546,18000
2299,2018,롯데,김문호,76509,15000
2300,2018,롯데,정훈,60523,10000
2301,2018,롯데,노경은,73211,10000
2302,2018,롯데,신본기,62556,9000
2303,2018,롯데,이병규,76100,9000
2304,2018,롯데,김동한,61204,6300
2305,2018,롯데,황진수,78566,6200
2306,2018,롯데,김상호,62559,6200
2307,2018,롯데,나경민,66508,5800
2308,2018,롯데,김사훈,61591,4000
2309,2018,롯데,오윤석,64504,3100
2310,2018,롯데,김대우,78536,2900
2311,2018,롯데,안중열,64022,2800
2312,2018,롯데,조홍석,63593,2800
2313,2018,롯데,나원탁,67454,2800
2314,2018,롯데,나종덕,67539,2800
2315,2018,롯데,전병우,65586,2700
2316,2018,롯데,이호연,68504,2700
2317,2018,롯데,정보근,68518,2700
2318,2018,롯데,정성종,68556,2700
2319,2018,롯데,강태율,65514,2700
2320,2018,롯데,한동희,68525,2700
2321,2018,롯데,허일,61566,2700
2322,2018,롯데,이찬건,66504,2700
2323,2018,롯데,배성근,64501,2700
2324,2018,롯데,박헌도,79356,0
2325,2018,롯데,이도윤,65703,0
2326,2018,롯데,정준혁,63558,0
2327,2018,삼성,러프,67450,140000
2328,2018,삼성,강민호,74540,100000
2329,2018,삼성,이원석,75566,30000
2330,2018,삼성,이원석,68700,30000
2331,2018,삼성,박해민,62415,29000
2332,2018,삼성,박한이,71432,25000
2333,2018,삼성,구자욱,62404,25000
2334,2018,삼성,김상수,79402,24000
2335,2018,삼성,이지영,79456,21000
2336,2018,삼성,손주인,72456,18000
2337,2018,삼성,강한울,64610,15500
2338,2018,삼성,배영섭,79465,13000
2339,2018,삼성,김대우,78536,12000
2340,2018,삼성,김헌곤,61404,8500
2341,2018,삼성,박찬도,62409,5000
2342,2018,삼성,김성훈,66462,4700
2343,2018,삼성,정병곤,61104,4500
2344,2018,삼성,권정웅,65412,4500
2345,2018,삼성,김민수,67504,3300
2346,2018,삼성,김민수,64793,3300
2347,2018,삼성,최영진,61197,3300
2348,2018,삼성,안주형,66406,3100
2349,2018,삼성,김응민,60288,3000
2350,2018,삼성,김성윤,67449,3000
2351,2018,삼성,이현동,62499,3000
2352,2018,삼성,이성곤,64266,3000
2353,2018,삼성,김호재,64407,2800
2354,2018,삼성,김태우,62927,2700
2355,2018,삼성,백승민,64410,2700
2356,2018,삼성,송준석,64469,2700
2357,2018,삼성,공민규,68407,2700
2358,2018,삼성,최원제,77466,0
2359,2018,삼성,조동찬,72466,0
2360,2018,삼성,백상원,60456,0
2361,2018,한화,김태균,71752,160000
2362,2018,한화,정근우,75808,70000
2363,2018,한화,이용규,74163,40000
2364,2018,한화,호잉,68730,40000
2365,2018,한화,이성열,73136,25000
2366,2018,한화,송광민,76753,24000
2367,2018,한화,최진행,74729,19000
2368,2018,한화,하주석,62700,12000
2369,2018,한화,양성우,62797,10000
2370,2018,한화,오선진,78756,8600
2371,2018,한화,최재훈,78288,8000
2372,2018,한화,김회성,79705,5800
2373,2018,한화,강경학,61700,5800
2374,2018,한화,백창수,60100,5000
2375,2018,한화,최윤석,60805,4800
2376,2018,한화,이창열,64706,3200
2377,2018,한화,김민하,61554,3200
2378,2018,한화,김태연,66704,3000
2379,2018,한화,강상원,66710,3000
2380,2018,한화,박준혁,64724,3000
2381,2018,한화,박준혁,68003,3000
2382,2018,한화,장진혁,66706,2800
2383,2018,한화,김인환,66715,2800
2384,2018,한화,정기훈,64209,2700
2385,2018,한화,이원석,75566,2700
2386,2018,한화,이원석,68700,2700
2387,2018,한화,김진욱,68701,2700
2388,2018,한화,박주홍,50357,2700
2389,2018,한화,이도윤,65703,2700
2390,2018,한화,정은원,68743,2700
2391,2018,한화,김성훈,66462,2700
2392,2018,한화,홍성갑,61366,0
2393,2018,한화,정경운,66716,0
2394,2018,한화,임익준,77464,0
2395,2018,한화,장민석,71347,0
2396,2019,KIA,이범호,70756,65000
2397,2019,KIA,윤석민,74215,20000
2398,2019,KIA,서동욱,73606,11100
2399,2019,KIA,유승철,67640,6000
2400,2019,KIA,김주형,74605,4500
2401,2019,KIA,김주형,69306,4500
2402,2019,KIA,홍재호,60605,4000
2403,2019,KIA,윤해진,62668,3900
2404,2019,KIA,류승현,66615,3600
2405,2019,KIA,박지훈,50204,3500
2406,2019,KIA,이인행,60648,3300
2407,2019,KIA,신범수,66662,3200
2408,2019,KIA,김석환,67610,2900
2409,2019,KIA,오정환,68614,2700
2410,2019,KIA,김민수,67504,2700
2411,2019,KIA,김민수,64793,2700
2412,2019,kt,이대형,73153,20000
2413,2019,kt,김진곤,63088,3300
2414,2019,kt,고명성,68069,2800
2415,2019,kt,김성훈,66462,2700
2416,2019,LG,조셉,69150,70000
2417,2019,LG,페게로,69165,15000
2418,2019,LG,이동현,71118,10000
2419,2019,LG,윤진호,79198,6000
2420,2019,LG,서상우,62164,5300
2421,2019,LG,김재율,61114,4800
2422,2019,LG,장시윤,63360,3800
2423,2019,LG,양원혁,64117,3200
2424,2019,LG,전준호,67123,2700
2425,2019,NC,손시헌,73213,50000
2426,2019,NC,베탄코트,69950,50000
2427,2019,NC,스몰린스키,69901,25000
2428,2019,NC,이민호,62929,18800
2429,2019,NC,박헌욱,62921,3000
2430,2019,NC,신진호,67944,2800
2431,2019,NC,김진형,79234,2700
2432,2019,SK,박정권,74846,40000
2433,2019,SK,강승호,63123,9600
2434,2019,SK,최경모,69802,2700
2435,2019,SK,박준영,66928,2700
2436,2019,넥센,샌즈,68345,50000
2437,2019,넥센,송성문,65357,7500
2438,2019,넥센,김지수,79300,5000
2439,2019,넥센,김지수,67394,5000
2440,2019,넥센,김지수,65503,5000
2441,2019,넥센,김종덕,66392,2700
2442,2019,넥센,예진원,68330,2700
2443,2019,두산,김민혁,65269,3400
2444,2019,두산,김민혁,64004,3400
2445,2019,두산,황경태,66207,3100
2446,2019,두산,전민재,68205,2800
2447,2019,두산,박유연,67202,2800
2448,2019,롯데,아수아헤,69530,55100
2449,2019,롯데,윌슨,69569,40000
2450,2019,롯데,문규현,72546,18000
2451,2019,롯데,나경민,66508,5500
2452,2019,롯데,안중열,64022,5100
2453,2019,롯데,황진수,78566,4000
2454,2019,롯데,김사훈,61591,3900
2455,2019,롯데,정성종,68556,3700
2456,2019,롯데,조홍석,63593,3600
2457,2019,롯데,김민수,67504,2700
2458,2019,롯데,김민수,64793,2700
2459,2019,롯데,이찬건,66504,2700
2460,2019,롯데,오윤석,64504,2700
2461,2019,롯데,정준혁,63558,0
2462,2019,삼성,러프,67450,170000
2463,2019,삼성,박한이,71432,25000
2464,2019,삼성,윌리엄슨,69405,22500
2465,2019,삼성,손주인,72456,15000
2466,2019,삼성,배영섭,79465,12000
2467,2019,삼성,정병곤,61104,4000
2468,2019,삼성,김기환,65462,2700
2469,2019,삼성,김태우,62927,2700
2470,2019,한화,최윤석,60805,4200
2471,2019,한화,김성훈,66462,3600
2472,2019,한화,김태연,66704,3200
2473,2019,한화,김창혁,60184,3000
2474,2019,한화,김인환,66715,3000
2475,2019,한화,박준혁,64724,3000
2476,2019,한화,박준혁,68003,3000
2477,2019,한화,이창열,64706,2900
2478,2019,한화,이원석,75566,2700
2479,2019,한화,이원석,68700,2700
2480,2019,한화,허관회,69706,2700
2481,2020,KIA,최형우,72443,150000
2482,2020,KIA,나지완,78629,60000
2483,2020,KIA,터커,69652,55000
2484,2020,KIA,김선빈,78603,45000
2485,2020,KIA,나주환,73209,12000
2486,2020,KIA,문경찬,65643,11500
2487,2020,KIA,박찬호,64646,10500
2488,2020,KIA,김민식,62864,8800
2489,2020,KIA,김호령,65653,8500
2490,2020,KIA,이창진,64560,8500
2491,2020,KIA,한승택,63722,8000
2492,2020,KIA,장영석,79334,7500
2493,2020,KIA,최원준,66606,7000
2494,2020,KIA,유민상,62265,6000
2495,2020,KIA,박진태,67646,6000
2496,2020,KIA,황윤호,62908,5000
2497,2020,KIA,문선재,79113,4500
2498,2020,KIA,이우성,63260,4000
2499,2020,KIA,백용환,78643,4000
2500,2020,KIA,황인준,65618,3700
2501,2020,KIA,최정용,65464,3600
2502,2020,KIA,최정민,62893,3500
2503,2020,KIA,이진영,99810,3400
2504,2020,KIA,이진영,66657,3400
2505,2020,KIA,이정훈,67644,3000
2506,2020,KIA,황대인,65610,3000
2507,2020,KIA,김현수,76290,3000
2508,2020,KIA,오선우,69636,3000
2509,2020,KIA,한준수,68646,2900
2510,2020,KIA,김규성,66614,2900
2511,2020,KIA,홍종표,50600,2700
2512,2020,KIA,박민,50657,2700
2513,2020,KIA,김민수,67504,2700
2514,2020,KIA,김민수,64793,2700
2515,2020,KIA,고장혁,63636,0
2516,2020,kt,황재균,76313,120000
2517,2020,kt,로하스,67025,100000
2518,2020,kt,유한준,74339,50000
2519,2020,kt,박경수,73113,40000
2520,2020,kt,강백호,68050,21000
2521,2020,kt,장성우,78548,13500
2522,2020,kt,심우준,64006,13000
2523,2020,kt,김재윤,65062,12000
2524,2020,kt,전유수,75340,10000
2525,2020,kt,오태곤,60558,9500
2526,2020,kt,김민혁,65269,9000
2527,2020,kt,김민혁,64004,9000
2528,2020,kt,박승욱,62802,8000
2529,2020,kt,김성훈,66462,7000
2530,2020,kt,조용호,64868,7000
2531,2020,kt,허도환,77243,6500
2532,2020,kt,김민수,67504,6500
2533,2020,kt,김민수,64793,6500
2534,2020,kt,배정대,64166,4800
2535,2020,kt,송민섭,64012,4700
2536,2020,kt,하준호,78517,4500
2537,2020,kt,문상철,64007,4000
2538,2020,kt,강민국,64906,4000
2539,2020,kt,안승한,64011,3700
2540,2020,kt,김영환,63448,3300
2541,2020,kt,이준수,77654,3100
2542,2020,kt,김병희,64014,3000
2543,2020,kt,박민석,69056,2900
2544,2020,kt,김태훈,65040,2900
2545,2020,kt,문상인,67063,2800
2546,2020,kt,강현우,50066,2700
2547,2020,kt,천성호,50054,2700
2548,2020,kt,이정훈,67644,2700
2549,2020,kt,박준혁,64724,0
2550,2020,kt,박준혁,68003,0
2551,2020,kt,이재근,67092,0
2552,2020,LG,김현수,76290,130000
2553,2020,LG,윌슨,69569,90000
2554,2020,LG,박용택,72133,80000
2555,2020,LG,정근우,75808,70000
2556,2020,LG,오지환,79109,60000
2557,2020,LG,김민성,77564,40000
2558,2020,LG,채은성,79192,32000
2559,2020,LG,라모스,50165,30000
2560,2020,LG,이천웅,61186,28000
2561,2020,LG,유강남,61102,23000
2562,2020,LG,이형종,78135,20000
2563,2020,LG,정찬헌,78148,13000
2564,2020,LG,정주현,79150,12500
2565,2020,LG,김용의,78217,10500
2566,2020,LG,이성우,71184,8000
2567,2020,LG,신민재,65207,5000
2568,2020,LG,전민수,78361,5000
2569,2020,LG,박지규,65136,4500
2570,2020,LG,구본혁,69100,4000
2571,2020,LG,홍창기,66108,3800
2572,2020,LG,박재욱,64100,3500
2573,2020,LG,장준원,64115,3400
2574,2020,LG,백승현,65109,3400
2575,2020,LG,김재성,65132,3100
2576,2020,LG,양종민,79530,3000
2577,2020,LG,류형우,64164,2700
2578,2020,LG,김호은,66113,2700
2579,2020,LG,이민호,62929,2700
2580,2020,LG,이재원,76812,2700
2581,2020,LG,이재원,68106,2700
2582,2020,LG,손호영,50150,2700
2583,2020,LG,최재원,63913,0
2584,2020,LG,김도환,69442,0
2585,2020,LG,박찬호,64646,0
2586,2020,LG,김태우,62927,0
2587,2020,NC,양의지,76232,200000
2588,2020,NC,알테어,50923,80000
2589,2020,NC,박석민,74465,70000
2590,2020,NC,박민우,62907,52000
2591,2020,NC,나성범,62947,50000
2592,2020,NC,모창민,78813,30000
2593,2020,NC,이명기,76849,24000
2594,2020,NC,김태군,78122,20000
2595,2020,NC,노진혁,62931,14000
2596,2020,NC,권희동,63963,13500
2597,2020,NC,지석훈,73306,12500
2598,2020,NC,이상호,60566,10000
2599,2020,NC,김태진,64984,9000
2600,2020,NC,김준완,63920,8000
2601,2020,NC,이원재,62025,7100
2602,2020,NC,김찬형,66917,5800
2603,2020,NC,정범모,76720,5500
2604,2020,NC,김종민,79364,5300
2605,2020,NC,강진성,62925,3800
2606,2020,NC,윤수강,62537,3200
2607,2020,NC,서호철,69995,3000
2608,2020,NC,최승민,65905,3000
2609,2020,NC,오영수,68904,2900
2610,2020,NC,신진호,67944,2800
2611,2020,NC,최정원,69992,2700
2612,2020,NC,박시원,50996,2700
2613,2020,NC,유영준,63903,2700
2614,2020,SK,이재원,76812,130000
2615,2020,SK,이재원,68106,130000
2616,2020,SK,최정,75847,120000
2617,2020,SK,로맥,67872,90000
2618,2020,SK,김강민,71837,35000
2619,2020,SK,정의윤,75151,30000
2620,2020,SK,윤석민,74215,24000
2621,2020,SK,김태훈,65040,24000
2622,2020,SK,김성현,76802,21000
2623,2020,SK,노수광,63704,21000
2624,2020,SK,채태인,77463,20000
2625,2020,SK,고종욱,61353,17000
2626,2020,SK,이홍구,63634,9000
2627,2020,SK,최항,62884,7500
2628,2020,SK,김재현,62332,5600
2629,2020,SK,김재현,76869,5600
2630,2020,SK,김재현,64499,5600
2631,2020,SK,강지광,79130,4800
2632,2020,SK,정진기,61869,4600
2633,2020,SK,유서준,64890,3100
2634,2020,SK,정현,63450,3000
2635,2020,SK,이현석,65869,3000
2636,2020,SK,남태혁,66052,3000
2637,2020,SK,김창평,69825,3000
2638,2020,SK,채현우,69804,3000
2639,2020,SK,오준혁,61743,3000
2640,2020,SK,최지훈,50854,2700
2641,2020,SK,김성민,69860,2700
2642,2020,SK,김성민,50848,2700
2643,2020,SK,류효승,50868,2700
2644,2020,SK,이거연,50819,0
2645,2020,SK,김민준,63339,0
2646,2020,SK,화이트,50802,0
2647,2020,넥센,박병호,75125,200000
2648,2020,넥센,이택근,73342,50000
2649,2020,넥센,이정후,67341,39000
2650,2020,넥센,서건창,78168,35000
2651,2020,넥센,김하성,64300,32000
2652,2020,넥센,이지영,79456,30000
2653,2020,넥센,김상수,79402,30000
2654,2020,넥센,박동원,79365,22500
2655,2020,넥센,김혜성,67304,10000
2656,2020,넥센,김성민,69860,9700
2657,2020,넥센,김성민,50848,9700
2658,2020,넥센,임병욱,64346,8800
2659,2020,넥센,김태훈,65040,8000
2660,2020,넥센,김규민,62356,5800
2661,2020,넥센,박준태,64657,4500
2662,2020,넥센,박정음,62353,4300
2663,2020,넥센,주효상,66354,4000
2664,2020,넥센,김웅빈,65898,3700
2665,2020,넥센,허정협,65399,3500
2666,2020,넥센,김정후,61962,3500
2667,2020,넥센,김은성,65304,2900
2668,2020,넥센,전병우,65586,2900
2669,2020,넥센,임지열,64340,2700
2670,2020,넥센,김병휘,50304,2700
2671,2020,넥센,김수환,68346,2700
2672,2020,넥센,김주형,74605,2700
2673,2020,넥센,김주형,69306,2700
2674,2020,넥센,송우현,65362,2700
2675,2020,넥센,박주홍,50357,2700
2676,2020,넥센,문찬종,50365,2700
2677,2020,넥센,러셀,50350,0
2678,2020,넥센,모터,50300,0
2679,2020,두산,김재환,78224,65000
2680,2020,두산,김재호,74206,65000
2681,2020,두산,허경민,79240,48000
2682,2020,두산,오재일,75334,47000
2683,2020,두산,박건우,79215,45000
2684,2020,두산,페르난데스,69209,40000
2685,2020,두산,김주찬,70410,40000
2686,2020,두산,정수빈,79231,34000
2687,2020,두산,오재원,77248,30000
2688,2020,두산,최주환,76267,27000
2689,2020,두산,박세혁,62244,23200
2690,2020,두산,김강률,77263,15000
2691,2020,두산,류지혁,62234,10500
2692,2020,두산,이흥련,63440,7000
2693,2020,두산,최원준,66606,5900
2694,2020,두산,유재신,76368,5700
2695,2020,두산,김인태,63257,5000
2696,2020,두산,신성현,64086,4800
2697,2020,두산,국해성,79290,4500
2698,2020,두산,백동훈,63559,3600
2699,2020,두산,장승현,63202,3500
2700,2020,두산,서예일,66203,3200
2701,2020,두산,김경호,64260,2900
2702,2020,두산,최용제,64213,2800
2703,2020,두산,송승환,69203,2800
2704,2020,두산,김대한,69238,2800
2705,2020,두산,김호준,65522,2700
2706,2020,두산,김성민,69860,2700
2707,2020,두산,김성민,50848,2700
2708,2020,두산,권민석,68204,2700
2709,2020,두산,박지훈,50204,2700
2710,2020,두산,안권수,50202,2700
2711,2020,두산,이승민,68211,2700
2712,2020,두산,오명진,50208,2700
2713,2020,두산,양찬열,50293,0
2714,2020,롯데,이대호,71564,250000
2715,2020,롯데,손아섭,77532,200000
2716,2020,롯데,민병헌,76249,125000
2717,2020,롯데,전준우,78513,50000
2718,2020,롯데,전준우,76249,50000
2719,2020,롯데,마차도,50506,30000
2720,2020,롯데,안치홍,79608,29000
2721,2020,롯데,노경은,73211,20000
2722,2020,롯데,신본기,62556,12500
2723,2020,롯데,정훈,60523,6400
2724,2020,롯데,나경민,66508,5500
2725,2020,롯데,강로한,65515,5300
2726,2020,롯데,이병규,76100,5000
2727,2020,롯데,김동한,61204,5000
2728,2020,롯데,한동희,68525,4700
2729,2020,롯데,나종덕,67539,4300
2730,2020,롯데,오윤석,64504,4000
2731,2020,롯데,김준태,62558,3800
2732,2020,롯데,배성근,64501,3200
2733,2020,롯데,김민수,67504,3000
2734,2020,롯데,김민수,64793,3000
2735,2020,롯데,김주현,66749,3000
2736,2020,롯데,김주현,77669,3000
2737,2020,롯데,김대우,78536,2900
2738,2020,롯데,신용수,69508,2900
2739,2020,롯데,김재유,65506,2900
2740,2020,롯데,정보근,68518,2900
2741,2020,롯데,최민재,63895,2800
2742,2020,롯데,추재현,68362,2700
2743,2020,롯데,김상호,62559,0
2744,2020,롯데,김대륙,65513,0
2745,2020,삼성,강민호,74540,125000
2746,2020,삼성,라이블리,69439,50000
2747,2020,삼성,이원석,75566,30000
2748,2020,삼성,이원석,68700,30000
2749,2020,삼성,박해민,62415,30000
2750,2020,삼성,구자욱,62404,28000
2751,2020,삼성,김상수,79402,25000
2752,2020,삼성,김헌곤,61404,19000
2753,2020,삼성,김동엽,66838,13500
2754,2020,삼성,김대우,78536,11500
2755,2020,삼성,이학주,69453,9000
2756,2020,삼성,최영진,61197,8000
2757,2020,삼성,박계범,64468,5500
2758,2020,삼성,김재현,62332,5500
2759,2020,삼성,김재현,76869,5500
2760,2020,삼성,김재현,64499,5500
2761,2020,삼성,박찬도,62409,5500
2762,2020,삼성,김도환,69442,5000
2763,2020,삼성,백승민,64410,4500
2764,2020,삼성,이성규,66409,4300
2765,2020,삼성,김민수,67504,4300
2766,2020,삼성,김민수,64793,4300
2767,2020,삼성,김호재,64407,4000
2768,2020,삼성,공민규,68407,4000
2769,2020,삼성,송준석,64469,4000
2770,2020,삼성,최선호,64493,3800
2771,2020,삼성,이성곤,64266,3500
2772,2020,삼성,박승규,69418,3200
2773,2020,삼성,김응민,60288,3200
2774,2020,삼성,이현동,62499,2900
2775,2020,삼성,이승민,68211,2700
2776,2020,삼성,양우현,69403,2700
2777,2020,삼성,김지찬,50458,2700
2778,2020,삼성,살라디노,50468,0
2779,2020,삼성,팔카,50469,0
2780,2020,한화,김태균,71752,100000
2781,2020,한화,호잉,68730,55000
2782,2020,한화,이성열,73136,50000
2783,2020,한화,이용규,74163,40000
2784,2020,한화,송광민,76753,25000
2785,2020,한화,최진행,74729,20000
2786,2020,한화,최재훈,78288,20000
2787,2020,한화,하주석,62700,14000
2788,2020,한화,정은원,68743,12000
2789,2020,한화,정진호,61208,11300
2790,2020,한화,오선진,78756,10500
2791,2020,한화,양성우,62797,8500
2792,2020,한화,김문호,76509,8000
2793,2020,한화,강경학,61700,7800
2794,2020,한화,김회성,79705,6500
2795,2020,한화,이해창,60343,5500
2796,2020,한화,최승준,76158,5000
2797,2020,한화,김민하,61554,4500
2798,2020,한화,장운호,63700,3800
2799,2020,한화,장진혁,66706,3800
2800,2020,한화,박주홍,50357,3500
2801,2020,한화,노시환,69737,3300
2802,2020,한화,유장혁,69766,3200
2803,2020,한화,변우혁,69727,3000
2804,2020,한화,김창혁,60184,3000
2805,2020,한화,박한결,63703,3000
2806,2020,한화,김진욱,68701,2900
2807,2020,한화,박상언,66707,2800
2808,2020,한화,반즈,50730,0
2809,2021,KIA,최형우,72443,150000
2810,2021,KIA,터커,69652,70000
2811,2021,KIA,나지완,78629,60000
2812,2021,KIA,김선빈,78603,45000
2813,2021,KIA,최원준,66606,13000
2814,2021,KIA,유민상,62265,10500
2815,2021,KIA,박찬호,64646,10500
2816,2021,KIA,류지혁,62234,10500
2817,2021,KIA,나주환,73209,10000
2818,2021,KIA,김태진,64984,9000
2819,2021,KIA,김민식,62864,8800
2820,2021,KIA,이창진,64560,8500
2821,2021,KIA,김호령,65653,8500
2822,2021,KIA,한승택,63722,8000
2823,2021,KIA,장영석,79334,6000
2824,2021,KIA,박진태,67646,6000
2825,2021,KIA,황윤호,62908,4500
2826,2021,KIA,백용환,78643,4000
2827,2021,KIA,이우성,63260,4000
2828,2021,KIA,문선재,79113,4000
2829,2021,KIA,최정용,65464,3600
2830,2021,KIA,최정민,62893,3500
2831,2021,KIA,황인준,65618,3400
2832,2021,KIA,이진영,99810,3400
2833,2021,KIA,이진영,66657,3400
2834,2021,KIA,김영환,63448,3300
2835,2021,KIA,한준수,68646,3100
2836,2021,KIA,박건우,79215,3000
2837,2021,KIA,김현수,76290,3000
2838,2021,KIA,황대인,65610,3000
2839,2021,KIA,오선우,69636,3000
2840,2021,KIA,이정훈,67644,3000
2841,2021,KIA,김규성,66614,2900
2842,2021,KIA,박민,50657,2700
2843,2021,kt,황재균,76313,120000
2844,2021,kt,호잉,68730,80000
2845,2021,kt,유한준,74339,50000
2846,2021,kt,박경수,73113,40000
2847,2021,kt,강백호,68050,21000
2848,2021,kt,장성우,78548,13500
2849,2021,kt,심우준,64006,13000
2850,2021,kt,신본기,62556,12500
2851,2021,kt,김재윤,65062,12000
2852,2021,kt,전유수,75340,10000
2853,2021,kt,김민혁,65269,9000
2854,2021,kt,김민혁,64004,9000
2855,2021,kt,박승욱,62802,8000
2856,2021,kt,이홍구,63634,7000
2857,2021,kt,조용호,64868,7000
2858,2021,kt,김민수,67504,6500
2859,2021,kt,김민수,64793,6500
2860,2021,kt,허도환,77243,6500
2861,2021,kt,배정대,64166,4800
2862,2021,kt,송민섭,64012,4700
2863,2021,kt,하준호,78517,4500
2864,2021,kt,강민국,64906,4000
2865,2021,kt,문상철,64007,4000
2866,2021,kt,안승한,64011,3700
2867,2021,kt,김성훈,66462,3200
2868,2021,kt,김만수,65044,3100
2869,2021,kt,정주후,65096,3000
2870,2021,kt,김병희,64014,3000
2871,2021,kt,박민석,69056,3000
2872,2021,kt,강현우,50066,3000
2873,2021,kt,홍현빈,67005,2900
2874,2021,kt,김태훈,65040,2900
2875,2021,kt,문상인,67063,2800
2876,2021,kt,천성호,50054,2700
2877,2021,LG,김현수,76290,130000
2878,2021,LG,오지환,79109,60000
2879,2021,LG,라모스,50165,60000
2880,2021,LG,김민성,77564,40000
2881,2021,LG,채은성,79192,32000
2882,2021,LG,모창민,78813,30000
2883,2021,LG,이천웅,61186,28000
2884,2021,LG,유강남,61102,23000
2885,2021,LG,이형종,78135,20000
2886,2021,LG,정찬헌,78148,13000
2887,2021,LG,정주현,79150,12500
2888,2021,LG,김용의,78217,10000
2889,2021,LG,이상호,60566,10000
2890,2021,LG,이성우,71184,8000
2891,2021,LG,신민재,65207,5000
2892,2021,LG,구본혁,69100,4000
2893,2021,LG,홍창기,66108,3800
2894,2021,LG,박재욱,64100,3500
2895,2021,LG,장준원,64115,3400
2896,2021,LG,백승현,65109,3400
2897,2021,LG,최민창,65157,3100
2898,2021,LG,김재성,65132,3100
2899,2021,LG,김주성,66162,3100
2900,2021,LG,문성주,68119,3100
2901,2021,LG,한석현,64101,2700
2902,2021,LG,이민호,62929,2700
2903,2021,LG,이재원,76812,2700
2904,2021,LG,이재원,68106,2700
2905,2021,LG,김호은,66113,2700
2906,2021,LG,손호영,50150,2700
2907,2021,NC,양의지,76232,200000
2908,2021,NC,알테어,50923,110000
2909,2021,NC,박석민,74465,70000
2910,2021,NC,박민우,62907,52000
2911,2021,NC,나성범,62947,50000
2912,2021,NC,이명기,76849,24000
2913,2021,NC,김태군,78122,20000
2914,2021,NC,노진혁,62931,14000
2915,2021,NC,권희동,63963,13500
2916,2021,NC,문경찬,65643,11500
2917,2021,NC,지석훈,73306,10000
2918,2021,NC,김준완,63920,8000
2919,2021,NC,이원재,62025,6600
2920,2021,NC,정범모,76720,5500
2921,2021,NC,전민수,78361,5000
2922,2021,NC,강진성,62925,3800
2923,2021,NC,최정원,69992,3300
2924,2021,NC,도태훈,66965,3200
2925,2021,NC,윤수강,62537,3100
2926,2021,NC,이재율,66968,3100
2927,2021,NC,최승민,65905,3000
2928,2021,NC,김민수,67504,3000
2929,2021,NC,김민수,64793,3000
2930,2021,NC,김철호,68906,3000
2931,2021,NC,박시원,50996,3000
2932,2021,NC,박준영,66928,2700
2933,2021,NC,김기환,65462,2700
2934,2021,넥센,박병호,75125,200000
2935,2021,넥센,이용규,74163,40000
2936,2021,넥센,이정후,67341,39000
2937,2021,넥센,서건창,78168,35000
2938,2021,넥센,이지영,79456,30000
2939,2021,넥센,박동원,79365,22500
2940,2021,넥센,김혜성,67304,10000
2941,2021,넥센,김태훈,65040,8000
2942,2021,넥센,허정협,65399,7000
2943,2021,넥센,김재현,62332,7000
2944,2021,넥센,김재현,76869,7000
2945,2021,넥센,김재현,64499,7000
2946,2021,넥센,김성민,69860,6000
2947,2021,넥센,김성민,50848,6000
2948,2021,넥센,박준태,64657,4500
2949,2021,넥센,주효상,66354,4300
2950,2021,넥센,박정음,62353,4300
2951,2021,넥센,김웅빈,65898,3700
2952,2021,넥센,김정후,61962,3200
2953,2021,넥센,이병규,76100,3000
2954,2021,넥센,김병휘,50304,3000
2955,2021,넥센,김은성,65304,3000
2956,2021,넥센,문찬종,50365,3000
2957,2021,넥센,전병우,65586,2900
2958,2021,넥센,김대한,69238,2700
2959,2021,넥센,김동욱,77462,2700
2960,2021,넥센,김주형,74605,2700
2961,2021,넥센,김주형,69306,2700
2962,2021,넥센,박주홍,50357,2700
2963,2021,넥센,이명기,76849,2700
2964,2021,넥센,김수환,68346,2700
2965,2021,넥센,임지열,64340,2700
2966,2021,넥센,변상권,68305,2700
2967,2021,두산,김재환,78224,65000
2968,2021,두산,김재호,74206,65000
2969,2021,두산,허경민,79240,48000
2970,2021,두산,박건우,79215,45000
2971,2021,두산,페르난데스,69209,40000
2972,2021,두산,정수빈,79231,34000
2973,2021,두산,오재원,77248,30000
2974,2021,두산,박세혁,62244,23200
2975,2021,두산,양석환,64153,21000
2976,2021,두산,김강률,77263,15000
2977,2021,두산,정진호,61208,12000
2978,2021,두산,최원준,66606,5900
2979,2021,두산,박계범,64468,5500
2980,2021,두산,김인태,63257,5000
2981,2021,두산,국해성,79290,5000
2982,2021,두산,강승호,63123,5000
2983,2021,두산,신성현,64086,4800
2984,2021,두산,조수행,66209,4500
2985,2021,두산,백동훈,63559,3600
2986,2021,두산,장승현,63202,3500
2987,2021,두산,김민혁,65269,3400
2988,2021,두산,김민혁,64004,3400
2989,2021,두산,서예일,66203,3200
2990,2021,두산,황경태,66207,3100
2991,2021,두산,박지훈,50204,3100
2992,2021,두산,최용제,64213,2800
2993,2021,두산,권민석,68204,2700
2994,2021,두산,안권수,50202,2700
2995,2021,두산,오명진,50208,2700
2996,2021,롯데,이대호,71564,250000
2997,2021,롯데,손아섭,77532,200000
2998,2021,롯데,전준우,78513,50000
2999,2021,롯데,전준우,76249,50000
3000,2021,롯데,마차도,50506,50000
3001,2021,롯데,안치홍,79608,29000
3002,2021,롯데,노경은,73211,20000
3003,2021,롯데,정훈,60523,6400
3004,2021,롯데,이병규,76100,5500
3005,2021,롯데,강로한,65515,5300
3006,2021,롯데,한동희,68525,4700
3007,2021,롯데,나종덕,67539,4300
3008,2021,롯데,오윤석,64504,4000
3009,2021,롯데,김준태,62558,3800
3010,2021,롯데,배성근,64501,3200
3011,2021,롯데,김진욱,68701,3000
3012,2021,롯데,김민수,67504,3000
3013,2021,롯데,김민수,64793,3000
3014,2021,롯데,나원탁,67454,3000
3015,2021,롯데,김주현,66749,3000
3016,2021,롯데,김주현,77669,3000
3017,2021,롯데,김대우,78536,2900
3018,2021,롯데,김재유,65506,2900
3019,2021,롯데,신용수,69508,2900
3020,2021,롯데,정보근,68518,2900
3021,2021,롯데,최민재,63895,2800
3022,2021,롯데,추재현,68362,2700
3023,2021,롯데,이호연,68504,2700
3024,2021,롯데,강태율,65514,2700
3025,2021,삼성,강민호,74540,125000
3026,2021,삼성,라이블리,69439,50000
3027,2021,삼성,오재일,75334,47000
3028,2021,삼성,박해민,62415,30000
3029,2021,삼성,이원석,75566,30000
3030,2021,삼성,이원석,68700,30000
3031,2021,삼성,구자욱,62404,28000
3032,2021,삼성,김상수,79402,25000
3033,2021,삼성,김헌곤,61404,19000
3034,2021,삼성,김동엽,66838,13500
3035,2021,삼성,강한울,64610,12000
3036,2021,삼성,김대우,78536,11500
3037,2021,삼성,이학주,69453,9000
3038,2021,삼성,최영진,61197,8000
3039,2021,삼성,김재현,62332,5500
3040,2021,삼성,김재현,76869,5500
3041,2021,삼성,김재현,64499,5500
3042,2021,삼성,김도환,69442,5200
3043,2021,삼성,백승민,64410,4700
3044,2021,삼성,이성규,66409,4300
3045,2021,삼성,김민수,67504,4300
3046,2021,삼성,김민수,64793,4300
3047,2021,삼성,김호재,64407,4000
3048,2021,삼성,송준석,64469,4000
3049,2021,삼성,권정웅,65412,4000
3050,2021,삼성,최선호,64493,3800
3051,2021,삼성,이성곤,64266,3500
3052,2021,삼성,안주형,66406,3300
3053,2021,삼성,양우현,69403,3300
3054,2021,삼성,박승규,69418,3200
3055,2021,삼성,김응민,60288,3200
3056,2021,삼성,이현동,62499,3000
3057,2021,삼성,김성윤,67449,2900
3058,2021,삼성,김성표,63435,2800
3059,2021,삼성,이승민,68211,2700
3060,2021,삼성,김지찬,50458,2700
3061,2021,한화,이성열,73136,40000
3062,2021,한화,노수광,63704,21000
3063,2021,한화,최재훈,78288,20000
3064,2021,한화,하주석,62700,14000
3065,2021,한화,정은원,68743,12000
3066,2021,한화,오선진,78756,10500
3067,2021,한화,강경학,61700,7800
3068,2021,한화,이해창,60343,5500
3069,2021,한화,김민하,61554,4500
3070,2021,한화,김진욱,68701,3900
3071,2021,한화,장운호,63700,3800
3072,2021,한화,최인호,50707,3400
3073,2021,한화,조한민,69705,3400
3074,2021,한화,노태형,64704,3400
3075,2021,한화,노시환,69737,3300
3076,2021,한화,정기훈,64209,3200
3077,2021,한화,유장혁,69766,3200
3078,2021,한화,박한결,63703,3100
3079,2021,한화,김지수,79300,3100
3080,2021,한화,김지수,67394,3100
3081,2021,한화,김지수,65503,3100
3082,2021,한화,강상원,66710,3000
3083,2021,한화,이도윤,65703,3000
3084,2021,한화,박상언,66707,2800
3085,2021,한화,허관회,69706,2700
3086,2021,한화,박정현,50709,2700
3087,2021,한화,임종찬,50704,2700
3088,2022,KIA,나성범,62947,200000
3089,2022,KIA,최형우,72443,90000
3090,2022,KIA,김선빈,78603,45000
3091,2022,KIA,로니,67134,30000
3092,2022,KIA,나지완,78629,15000
3093,2022,KIA,박찬호,64646,12000
3094,2022,KIA,류지혁,62234,10500
3095,2022,KIA,김태진,64984,10000
3096,2022,KIA,김민식,62864,9500
3097,2022,KIA,한승택,63722,8500
3098,2022,KIA,강경학,61700,7000
3099,2022,KIA,이창진,64560,7000
3100,2022,KIA,고종욱,61353,7000
3101,2022,KIA,황대인,65610,6500
3102,2022,KIA,김호령,65653,6000
3103,2022,KIA,이해창,60343,6000
3104,2022,KIA,박진태,67646,6000
3105,2022,KIA,김규성,66614,4300
3106,2022,KIA,이우성,63260,4100
3107,2022,KIA,김현수,76290,4000
3108,2022,KIA,유승철,67640,4000
3109,2022,KIA,이정훈,67644,4000
3110,2022,KIA,류승현,66615,4000
3111,2022,KIA,최정용,65464,3800
3112,2022,KIA,최정민,62893,3600
3113,2022,KIA,신범수,66662,3600
3114,2022,KIA,이진영,99810,3600
3115,2022,KIA,이진영,66657,3600
3116,2022,KIA,오선우,69636,3500
3117,2022,KIA,박민,50657,3500
3118,2022,KIA,박건우,79215,3100
3119,2022,KIA,김석환,67610,3100
3120,2022,KIA,오정환,68614,3100
3121,2022,KIA,김민수,67504,0
3122,2022,KIA,김민수,64793,0
3123,2022,kt,라모스,50165,65000
3124,2022,kt,박병호,75125,60000
3125,2022,kt,강백호,68050,55000
3126,2022,kt,장성우,78548,50000
3127,2022,kt,황재균,76313,40000
3128,2022,kt,박경수,73113,29000
3129,2022,kt,김재윤,65062,28000
3130,2022,kt,심우준,64006,26000
3131,2022,kt,배정대,64166,26000
3132,2022,kt,조용호,64868,24000
3133,2022,kt,김민수,67504,11500
3134,2022,kt,김민수,64793,11500
3135,2022,kt,신본기,62556,11500
3136,2022,kt,오윤석,64504,9000
3137,2022,kt,김민혁,65269,9000
3138,2022,kt,김민혁,64004,9000
3139,2022,kt,송민섭,64012,8100
3140,2022,kt,전유수,75340,8000
3141,2022,kt,김성훈,66462,7000
3142,2022,kt,문상철,64007,6600
3143,2022,kt,김준태,62558,6500
3144,2022,kt,하준호,78517,5000
3145,2022,kt,김병희,64014,4700
3146,2022,kt,천성호,50054,4400
3147,2022,kt,김태훈,65040,4100
3148,2022,kt,홍현빈,67005,4000
3149,2022,kt,정주후,65096,3200
3150,2022,kt,문상인,67063,3200
3151,2022,kt,고명성,68069,3100
3152,2022,kt,김만수,65044,3100
3153,2022,kt,안치영,67006,3000
3154,2022,LG,김현수,76290,150000
3155,2022,LG,박해민,62415,60000
3156,2022,LG,오지환,79109,60000
3157,2022,LG,홍창기,66108,32000
3158,2022,LG,채은성,79192,28000
3159,2022,LG,유강남,61102,27000
3160,2022,LG,서건창,78168,26000
3161,2022,LG,가르시아,68103,18000
3162,2022,LG,김민성,77564,18000
3163,2022,LG,이형종,78135,12000
3164,2022,LG,이천웅,61186,10000
3165,2022,LG,허도환,77243,10000
3166,2022,LG,이민호,62929,9800
3167,2022,LG,이상호,60566,8500
3168,2022,LG,정주현,79150,8000
3169,2022,LG,구본혁,69100,7000
3170,2022,LG,안익훈,65115,5500
3171,2022,LG,이재원,76812,5200
3172,2022,LG,이재원,68106,5200
3173,2022,LG,백승현,65109,5000
3174,2022,LG,신민재,65207,5000
3175,2022,LG,문성주,68119,4200
3176,2022,LG,김호은,66113,4000
3177,2022,LG,한석현,64101,3900
3178,2022,LG,장준원,64115,3800
3179,2022,LG,박재욱,64100,3500
3180,2022,LG,손호영,50150,3500
3181,2022,LG,김주성,66162,3300
3182,2022,LG,전준호,67123,3200
3183,2022,LG,최민창,65157,3200
3184,2022,NC,박건우,79215,190000
3185,2022,NC,손아섭,77532,150000
3186,2022,NC,양의지,76232,100000
3187,2022,NC,박석민,74465,70000
3188,2022,NC,박민우,62907,41000
3189,2022,NC,노진혁,62931,23000
3190,2022,NC,이명기,76849,17500
3191,2022,NC,권희동,63963,11000
3192,2022,NC,이민호,62929,10000
3193,2022,NC,박준영,66928,7000
3194,2022,NC,정진기,61869,5500
3195,2022,NC,전민수,78361,5000
3196,2022,NC,김응민,60288,4900
3197,2022,NC,김기환,65462,4500
3198,2022,NC,정현,63450,4300
3199,2022,NC,도태훈,66965,4000
3200,2022,NC,최승민,65905,3300
3201,2022,NC,오승택,60558,3000
3202,2022,NC,서호철,69995,3000
3203,2022,NC,오영수,68904,3000
3204,2022,NC,이인혁,68901,3000
3205,2022,넥센,이정후,67341,75000
3206,2022,넥센,이용규,74163,40000
3207,2022,넥센,김혜성,67304,32000
3208,2022,넥센,박동원,79365,31000
3209,2022,넥센,이지영,79456,30000
3210,2022,넥센,정찬헌,78148,28000
3211,2022,넥센,김태훈,65040,19000
3212,2022,넥센,송성문,65357,7500
3213,2022,넥센,김웅빈,65898,7000
3214,2022,넥센,전병우,65586,7000
3215,2022,넥센,김재현,62332,6500
3216,2022,넥센,김재현,76869,6500
3217,2022,넥센,김재현,64499,6500
3218,2022,넥센,김성민,69860,6000
3219,2022,넥센,김성민,50848,6000
3220,2022,넥센,강민국,64906,5000
3221,2022,넥센,박준태,64657,5000
3222,2022,넥센,김준완,63920,5000
3223,2022,넥센,변상권,68305,4800
3224,2022,넥센,김주형,74605,4500
3225,2022,넥센,김주형,69306,4500
3226,2022,넥센,예진원,68330,4000
3227,2022,넥센,김수환,68346,3400
3228,2022,넥센,임지열,64340,3200
3229,2022,넥센,박주홍,50357,3200
3230,2022,넥센,김동욱,77462,3100
3231,2022,넥센,김대한,69238,3000
3232,2022,넥센,김민수,67504,3000
3233,2022,넥센,김민수,64793,3000
3234,2022,넥센,이병규,76100,3000
3235,2022,넥센,이명기,76849,3000
3236,2022,두산,김재환,78224,150000
3237,2022,두산,허경민,79240,120000
3238,2022,두산,정수빈,79231,60000
3239,2022,두산,페르난데스,69209,60000
3240,2022,두산,김재호,74206,50000
3241,2022,두산,양석환,64153,39000
3242,2022,두산,최원준,66606,34000
3243,2022,두산,박세혁,62244,30000
3244,2022,두산,오재원,77248,30000
3245,2022,두산,김강률,77263,22500
3246,2022,두산,박계범,64468,14500
3247,2022,두산,김인태,63257,14000
3248,2022,두산,강진성,62925,13000
3249,2022,두산,강승호,63123,11500
3250,2022,두산,조수행,66209,8500
3251,2022,두산,장승현,63202,7800
3252,2022,두산,최용제,64213,6500
3253,2022,두산,안권수,50202,4800
3254,2022,두산,신성현,64086,4000
3255,2022,두산,안승한,64011,3700
3256,2022,두산,권민석,68204,3300
3257,2022,두산,전민재,68205,3200
3258,2022,두산,김민혁,65269,3200
3259,2022,두산,김민혁,64004,3200
3260,2022,두산,오명진,50208,3100
3261,2022,두산,이원재,62025,3000
3262,2022,두산,김성민,69860,3000
3263,2022,두산,김성민,50848,3000
3264,2022,두산,송승환,69203,2700
3265,2022,두산,김대한,69238,2700
3266,2022,두산,서예일,66203,0
3267,2022,두산,박유연,67202,0
3268,2022,두산,황경태,66207,0
3269,2022,롯데,안치홍,79608,100000
3270,2022,롯데,이대호,71564,80000
3271,2022,롯데,정훈,60523,55000
3272,2022,롯데,전준우,78513,50000
3273,2022,롯데,전준우,76249,50000
3274,2022,롯데,반즈,50730,46538
3275,2022,롯데,한동희,68525,17200
3276,2022,롯데,문경찬,65643,9000
3277,2022,롯데,이학주,69453,7000
3278,2022,롯데,김대우,78536,6500
3279,2022,롯데,추재현,68362,6400
3280,2022,롯데,안중열,64022,6400
3281,2022,롯데,김재유,65506,6000
3282,2022,롯데,김민수,67504,5300
3283,2022,롯데,김민수,64793,5300
3284,2022,롯데,김진욱,68701,5100
3285,2022,롯데,신용수,69508,4900
3286,2022,롯데,배성근,64501,4200
3287,2022,롯데,정성종,68556,4100
3288,2022,롯데,백용환,78643,4000
3289,2022,롯데,고승민,69517,3800
3290,2022,롯데,정보근,68518,3400
3291,2022,롯데,강태율,65514,3300
3292,2022,롯데,김주현,66749,3300
3293,2022,롯데,김주현,77669,3300
3294,2022,롯데,최민재,63895,3200
3295,2022,롯데,나원탁,67454,3100
3296,2022,롯데,이호연,68504,3000
3297,2022,롯데,김동욱,77462,3000
3298,2022,롯데,김민수,67504,3000
3299,2022,롯데,김민수,64793,3000
3300,2022,롯데,박승욱,62802,3000
3301,2022,삼성,구자욱,62404,250000
3302,2022,삼성,강민호,74540,60000
3303,2022,삼성,오재일,75334,60000
3304,2022,삼성,이원석,75566,30000
3305,2022,삼성,이원석,68700,30000
3306,2022,삼성,김상수,79402,25000
3307,2022,삼성,김태군,78122,20000
3308,2022,삼성,김헌곤,61404,18000
3309,2022,삼성,김동엽,66838,15000
3310,2022,삼성,김대우,78536,12000
3311,2022,삼성,김지찬,50458,11000
3312,2022,삼성,강한울,64610,10000
3313,2022,삼성,김호재,64407,7000
3314,2022,삼성,오선진,78756,7000
3315,2022,삼성,최영진,61197,6500
3316,2022,삼성,김민수,67504,6200
3317,2022,삼성,김민수,64793,6200
3318,2022,삼성,박승규,69418,5700
3319,2022,삼성,이성규,66409,5000
3320,2022,삼성,송준석,64469,4700
3321,2022,삼성,김재성,65132,4500
3322,2022,삼성,이승민,68211,4100
3323,2022,삼성,권정웅,65412,4000
3324,2022,삼성,공민규,68407,4000
3325,2022,삼성,김성윤,67449,3800
3326,2022,삼성,김성표,63435,3800
3327,2022,삼성,안주형,66406,3300
3328,2022,삼성,김태우,62927,0
3329,2022,한화,최재훈,78288,100000
3330,2022,한화,하주석,62700,20090
3331,2022,한화,정은원,68743,19080
3332,2022,한화,노수광,63704,12840
3333,2022,한화,노시환,69737,12000
3334,2022,한화,이성곤,64266,6400
3335,2022,한화,김태연,66704,5600
3336,2022,한화,장운호,63700,5350
3337,2022,한화,정범모,76720,4700
3338,2022,한화,임종찬,50704,3600
3339,2022,한화,박정현,50709,3500
3340,2022,한화,이도윤,65703,3400
3341,2022,한화,허관회,69706,3370
3342,2022,한화,이원석,75566,3300
3343,2022,한화,이원석,68700,3300
3344,2022,한화,강상원,66710,3250
3345,2022,한화,김인환,66715,3200
3346,2022,한화,박상언,66707,3200
3347,2022,한화,김현민,69702,3100
3348,2022,한화,변우혁,69727,3000
3349,2022,한화,박준영,66928,3000
3350,2023,KIA,나성범,62947,200000
3351,2023,KIA,최형우,72443,90000
3352,2023,KIA,김선빈,78603,45000
3353,2023,KIA,박찬호,64646,12000
3354,2023,KIA,류지혁,62234,10500
3355,2023,KIA,한승택,63722,8500
3356,2023,KIA,고종욱,61353,7000
3357,2023,KIA,이창진,64560,7000
3358,2023,KIA,황대인,65610,6500
3359,2023,KIA,김호령,65653,6000
3360,2023,KIA,이우성,63260,4100
3361,2023,KIA,이정훈,67644,4000
3362,2023,KIA,유승철,67640,4000
3363,2023,KIA,최정용,65464,3800
3364,2023,KIA,신범수,66662,3600
3365,2023,KIA,오선우,69636,3500
3366,2023,KIA,홍종표,50600,3300
3367,2023,KIA,오정환,68614,3100
3368,2023,KIA,한준수,68646,3100
3369,2023,KIA,김민수,67504,3000
3370,2023,KIA,김민수,64793,3000
3371,2023,KIA,김재현,62332,3000
3372,2023,KIA,김재현,76869,3000
3373,2023,KIA,김재현,64499,3000
3374,2023,KIA,변우혁,69727,3000
3375,2023,kt,박병호,75125,60000
3376,2023,kt,강백호,68050,55000
3377,2023,kt,장성우,78548,50000
3378,2023,kt,황재균,76313,40000
3379,2023,kt,박경수,73113,29000
3380,2023,kt,김재윤,65062,28000
3381,2023,kt,배정대,64166,26000
3382,2023,kt,조용호,64868,24000
3383,2023,kt,신본기,62556,11500
3384,2023,kt,김민수,67504,11500
3385,2023,kt,김민수,64793,11500
3386,2023,kt,오윤석,64504,9000
3387,2023,kt,김민혁,65269,9000
3388,2023,kt,김민혁,64004,9000
3389,2023,kt,이상호,60566,8500
3390,2023,kt,송민섭,64012,8100
3391,2023,kt,문상철,64007,6600
3392,2023,kt,김준태,62558,6500
3393,2023,kt,하준호,78517,5000
3394,2023,kt,김병희,64014,4700
3395,2023,kt,홍현빈,67005,4000
3396,2023,kt,장준원,64115,3800
3397,2023,kt,문상인,67063,3200
3398,2023,kt,고명성,68069,3100
3399,2023,kt,강현우,50066,3000
3400,2023,kt,정진호,61208,3000
3401,2023,kt,안치영,67006,3000
3402,2023,kt,박민석,69056,3000
3403,2023,kt,이정훈,67644,2700
3404,2023,kt,박준혁,64724,0
3405,2023,kt,박준혁,68003,0
3406,2023,LG,김현수,76290,150000
3407,2023,LG,오지환,79109,60000
3408,2023,LG,박해민,62415,60000
3409,2023,LG,홍창기,66108,32000
3410,2023,LG,박동원,79365,31000
3411,2023,LG,서건창,78168,26000
3412,2023,LG,김민성,77564,18000
3413,2023,LG,이형종,78135,12000
3414,2023,LG,이천웅,61186,10000
3415,2023,LG,허도환,77243,10000
3416,2023,LG,이민호,62929,9800
3417,2023,LG,정주현,79150,8000
3418,2023,LG,안익훈,65115,5500
3419,2023,LG,이재원,76812,5200
3420,2023,LG,이재원,68106,5200
3421,2023,LG,신민재,65207,5000
3422,2023,LG,백승현,65109,5000
3423,2023,LG,문성주,68119,4200
3424,2023,LG,손호영,50150,3500
3425,2023,LG,최민창,65157,3200
3426,2023,LG,전준호,67123,3200
3427,2023,NC,박건우,79215,190000
3428,2023,NC,손아섭,77532,150000
3429,2023,NC,박석민,74465,70000
3430,2023,NC,박민우,62907,41000
3431,2023,NC,노진혁,62931,23000
3432,2023,NC,김성욱,62934,13000
3433,2023,NC,권희동,63963,11000
3434,2023,NC,이민호,62929,10000
3435,2023,NC,안중열,64022,6400
3436,2023,NC,정진기,61869,5500
3437,2023,NC,도태훈,66965,4000
3438,2023,NC,한석현,64101,3900
3439,2023,NC,최승민,65905,3300
3440,2023,NC,이인혁,68901,3000
3441,2023,NC,김철호,68906,3000
3442,2023,NC,오영수,68904,3000
3443,2023,NC,서호철,69995,3000
3444,2023,NC,서동욱,73606,3000
3445,2023,NC,박한결,63703,3000
3446,2023,넥센,이정후,67341,75000
3447,2023,넥센,이용규,74163,40000
3448,2023,넥센,김혜성,67304,32000
3449,2023,넥센,이지영,79456,30000
3450,2023,넥센,정찬헌,78148,28000
3451,2023,넥센,김태훈,65040,19000
3452,2023,넥센,김태진,64984,10000
3453,2023,넥센,송성문,65357,7500
3454,2023,넥센,김웅빈,65898,7000
3455,2023,넥센,전병우,65586,7000
3456,2023,넥센,김재현,62332,6500
3457,2023,넥센,김재현,76869,6500
3458,2023,넥센,김재현,64499,6500
3459,2023,넥센,박준태,64657,5000
3460,2023,넥센,김준완,63920,5000
3461,2023,넥센,김주형,74605,4500
3462,2023,넥센,김주형,69306,4500
3463,2023,넥센,주효상,66354,4300
3464,2023,넥센,예진원,68330,4000
3465,2023,넥센,김수환,68346,3400
3466,2023,넥센,임지열,64340,3200
3467,2023,넥센,김동욱,77462,3100
3468,2023,넥센,이병규,76100,3000
3469,2023,넥센,러셀,50350,0
3470,2023,두산,김재환,78224,150000
3471,2023,두산,허경민,79240,120000
3472,2023,두산,양의지,76232,100000
3473,2023,두산,정수빈,79231,60000
3474,2023,두산,김재호,74206,50000
3475,2023,두산,양석환,64153,39000
3476,2023,두산,최원준,66606,34000
3477,2023,두산,박세혁,62244,30000
3478,2023,두산,김강률,77263,22500
3479,2023,두산,박계범,64468,14500
3480,2023,두산,김인태,63257,14000
3481,2023,두산,강진성,62925,13000
3482,2023,두산,강승호,63123,11500
3483,2023,두산,조수행,66209,8500
3484,2023,두산,장승현,63202,7800
3485,2023,두산,박준영,66928,7000
3486,2023,두산,신성현,64086,4000
3487,2023,두산,안승한,64011,3700
3488,2023,두산,서예일,66203,3300
3489,2023,두산,권민석,68204,3300
3490,2023,두산,전민재,68205,3200
3491,2023,두산,김민혁,65269,3200
3492,2023,두산,김민혁,64004,3200
3493,2023,두산,로하스,67025,3000
3494,2023,두산,송승환,69203,3000
3495,2023,두산,박유연,67202,3000
3496,2023,두산,이원재,62025,3000
3497,2023,두산,이유찬,67207,2900
3498,2023,두산,김호준,65522,2700
3499,2023,두산,김대한,69238,2700
3500,2023,두산,양찬열,50293,0
3501,2023,롯데,안치홍,79608,100000
3502,2023,롯데,정훈,60523,55000
3503,2023,롯데,전준우,78513,50000
3504,2023,롯데,전준우,76249,50000
3505,2023,롯데,반즈,50730,46538
3506,2023,롯데,김상수,79402,30000
3507,2023,롯데,유강남,61102,27000
3508,2023,롯데,한동희,68525,17200
3509,2023,롯데,문경찬,65643,9000
3510,2023,롯데,이학주,69453,7000
3511,2023,롯데,김재유,65506,6000
3512,2023,롯데,김민수,67504,5300
3513,2023,롯데,김민수,64793,5300
3514,2023,롯데,김진욱,68701,5100
3515,2023,롯데,신용수,69508,4900
3516,2023,롯데,안권수,50202,4800
3517,2023,롯데,정성종,68556,4100
3518,2023,롯데,고승민,69517,3800
3519,2023,롯데,정보근,68518,3400
3520,2023,롯데,강태율,65514,3300
3521,2023,롯데,김주현,66749,3300
3522,2023,롯데,김주현,77669,3300
3523,2023,롯데,최민재,63895,3200
3524,2023,롯데,나원탁,67454,3100
3525,2023,롯데,박승욱,62802,3000
3526,2023,롯데,서동욱,73606,3000
3527,2023,롯데,이호연,68504,3000
3528,2023,삼성,구자욱,62404,250000
3529,2023,삼성,오재일,75334,60000
3530,2023,삼성,강민호,74540,60000
3531,2023,삼성,이원석,75566,30000
3532,2023,삼성,이원석,68700,30000
3533,2023,삼성,김상수,79402,25000
3534,2023,삼성,김태군,78122,20000
3535,2023,삼성,김헌곤,61404,18000
3536,2023,삼성,김동엽,66838,15000
3537,2023,삼성,김대우,78536,12000
3538,2023,삼성,김지찬,50458,11000
3539,2023,삼성,강한울,64610,10000
3540,2023,삼성,김호재,64407,7000
3541,2023,삼성,김민수,67504,6200
3542,2023,삼성,김민수,64793,6200
3543,2023,삼성,이성규,66409,5000
3544,2023,삼성,송준석,64469,4700
3545,2023,삼성,김재성,65132,4500
3546,2023,삼성,김태훈,65040,4100
3547,2023,삼성,공민규,68407,4000
3548,2023,삼성,권정웅,65412,4000
3549,2023,삼성,김성윤,67449,3800
3550,2023,삼성,양우현,69403,3300
3551,2023,삼성,안주형,66406,3300
3552,2023,삼성,박시원,50996,3000
3553,2023,삼성,김태우,62927,0
3554,2023,한화,최재훈,78288,100000
3555,2023,한화,채은성,79192,28000
3556,2023,한화,하주석,62700,20090
3557,2023,한화,정은원,68743,19080
3558,2023,한화,이명기,76849,17500
3559,2023,한화,노수광,63704,12840
3560,2023,한화,노시환,69737,12000
3561,2023,한화,오선진,78756,7000
3562,2023,한화,이성곤,64266,6400
3563,2023,한화,김태연,66704,5600
3564,2023,한화,장운호,63700,5350
3565,2023,한화,박정현,50709,3500
3566,2023,한화,이도윤,65703,3400
3567,2023,한화,김인환,66715,3200
3568,2023,한화,최원준,66606,3000
3569,2023,한화,박준영,66928,3000
