,yearID,player,playerID,salary
0,2017,강경학,61700,6200
1,2017,강구성,62917,2700
2,2017,강동호,67591,2700
3,2017,강민호,74540,100000
4,2017,강상원,66710,2700
5,2017,강승현,78552,2900
6,2017,강승호,63123,3500
7,2017,강영식,70615,30000
8,2017,강윤구,79358,8000
9,2017,강장산,64907,3000
10,2017,강지광,79130,3000
11,2017,강진성,62925,2700
12,2017,강한울,64610,9000
13,2017,고봉재,66201,4400
14,2017,고영표,64001,5200
15,2017,고우석,67119,2700
16,2017,고원준,79349,9000
17,2017,고장혁,63636,6000
18,2017,고종욱,61353,12000
19,2017,고효준,72523,8000
20,2017,구자욱,62404,16000
21,2017,구창모,65933,5700
22,2017,권오준,99445,10500
23,2017,권정웅,65412,3000
24,2017,권혁,72447,45000
25,2017,권희동,63963,6800
26,2017,금민철,75258,7300
27,2017,김강률,77263,6200
28,2017,김강민,71837,60000
29,2017,김건태,60339,4200
30,2017,김경언,71610,20000
31,2017,김경태,60757,3200
32,2017,김광수,70142,10000
33,2017,김규민,62356,2700
34,2017,김대륙,65513,3400
35,2017,김대우,78536,3000
36,2017,김대우,61365,15000
37,2017,김대유,60337,2700
38,2017,김도영,66098,2700
39,2017,김동엽,66838,4700
40,2017,김동한,61204,3800
41,2017,김동호,79791,5000
42,2017,김만수,65044,3000
43,2017,김명신,67246,2700
44,2017,김명찬,65696,3200
45,2017,김문호,76509,14000
46,2017,김민성,77564,37000
47,2017,김민수,67504,6300
48,2017,김민수,64793,3000
49,2017,김민식,62864,3000
50,2017,김민우,65764,3800
51,2017,김민준,63339,2700
52,2017,김민혁,65269,4500
53,2017,김범수,65769,3300
54,2017,김사연,78753,4000
55,2017,김사율,99563,20000
56,2017,김사훈,61591,2900
57,2017,김상수,79402,31000
58,2017,김상수,76430,12000
59,2017,김상호,62559,6000
60,2017,김선빈,78603,8000
61,2017,김성민,67828,9000
62,2017,김성배,73226,18000
63,2017,김성욱,62934,10000
64,2017,김성윤,67449,2700
65,2017,김성현,76802,28000
66,2017,김성훈,66462,2700
67,2017,김세현,76350,16000
68,2017,김승현,66492,2900
69,2017,김승회,73248,10000
70,2017,김시현,67467,2700
71,2017,김연훈,77609,4700
72,2017,김용의,78217,12000
73,2017,김웅빈,65898,3000
74,2017,김원석,62768,3000
75,2017,김원중,62528,3000
76,2017,김유영,64596,3400
77,2017,김윤동,62648,4700
78,2017,김인태,63257,3000
79,2017,김재영,66741,3000
80,2017,김재유,65506,3000
81,2017,김재윤,65062,9000
82,2017,김재율,61114,2900
83,2017,김재현,76869,7000
84,2017,김재현,62332,5300
85,2017,김재호,74206,65000
86,2017,김재환,78224,20000
87,2017,김정인,65392,3000
88,2017,김정혁,61463,3300
89,2017,김종민,79364,5500
90,2017,김종호,77454,17500
91,2017,김종훈,62696,2800
92,2017,김주성,66162,2700
93,2017,김주찬,70410,60000
94,2017,김주한,66859,5700
95,2017,김주현,77669,3300
96,2017,김주현,66749,2800
97,2017,김주형,74605,11000
98,2017,김준완,63920,7000
99,2017,김지성,62007,3800
100,2017,김지수,79300,6200
101,2017,김지용,60181,10000
102,2017,김진곤,63088,3000
103,2017,김진성,75867,18000
104,2017,김진영,67737,2700
105,2017,김진우,72641,12000
106,2017,김찬형,66917,2700
107,2017,김찬호,66801,2900
108,2017,김태군,78122,21000
109,2017,김태균,71752,160000
110,2017,김태연,66704,2700
111,2017,김태완,76746,5000
112,2017,김태우,62927,2500
113,2017,김태훈,79847,2800
114,2017,김하성,64300,22000
115,2017,김해수,65345,2700
116,2017,김헌곤,61404,5000
117,2017,김현우,60457,4500
118,2017,김혜성,67304,2700
119,2017,김호령,65653,9500
120,2017,김홍빈,66309,2700
121,2017,김회성,79705,5500
122,2017,나경민,66508,3600
123,2017,나성범,62947,35000
124,2017,나성용,61742,3700
125,2017,나원탁,67454,2700
126,2017,나종덕,67539,2700
127,2017,나주환,73209,15000
128,2017,나지완,78629,60000
129,2017,남재현,66660,3500
130,2017,남태혁,66052,3000
131,2017,노경은,73211,16000
132,2017,노관현,66804,2700
133,2017,노수광,63704,3000
134,2017,노진혁,62931,4300
135,2017,니퍼트,61240,210000
136,2017,다이아몬드,67815,79450
137,2017,대니돈,66306,60000
138,2017,도태훈,66965,2700
139,2017,러프,67450,110000
140,2017,레나도,67423,125700
141,2017,레일리,65546,85000
142,2017,로니,67134,46300
143,2017,로맥,67872,30000
144,2017,로사리오,66740,100000
145,2017,로치,67033,112560
146,2017,로하스,67025,106000
147,2017,류재인,65908,2700
148,2017,류제국,63111,35000
149,2017,류지혁,62234,5700
150,2017,류희운,64029,3000
151,2017,린드블럼,65543,120000
152,2017,마정길,72749,20000
153,2017,맨쉽,67948,210000
154,2017,모넬,67024,45000
155,2017,모창민,78813,11700
156,2017,문광은,60845,4500
157,2017,문규현,72546,12000
158,2017,문선엽,60464,2700
159,2017,문선재,79113,8000
160,2017,문승원,62869,4400
161,2017,민병헌,76249,55000
162,2017,민태호,78366,3300
163,2017,박건우,79215,19500
164,2017,박경수,73113,23000
165,2017,박경태,76653,4900
166,2017,박광열,64944,3000
167,2017,박근홍,74630,10000
168,2017,박기혁,70553,15000
169,2017,박동원,79365,20000
170,2017,박민우,62907,25000
171,2017,박상언,66707,3600
172,2017,박상원,67703,2700
173,2017,박석민,74465,75000
174,2017,박성한,67893,2700
175,2017,박세웅,64021,10000
176,2017,박세진,66047,3000
177,2017,박세혁,62244,6000
178,2017,박승욱,62802,3500
179,2017,박승주,66305,2400
180,2017,박시영,60559,5000
181,2017,박용택,72133,80000
182,2017,박유연,67202,2700
183,2017,박윤,77848,4000
184,2017,박정권,74846,40000
185,2017,박정배,75250,8000
186,2017,박정음,62353,6600
187,2017,박정준,61396,2700
188,2017,박정진,99737,33000
189,2017,박종윤,62338,2700
190,2017,박종훈,60841,10000
191,2017,박주현,65348,5500
192,2017,박준혁,64724,2900
193,2017,박지훈,62637,5000
194,2017,박진태,67646,2700
195,2017,박진형,63512,6000
196,2017,박치국,67266,2700
197,2017,박한이,71432,45000
198,2017,박해민,62415,23000
199,2017,박헌도,79356,5600
200,2017,박희수,76858,21000
201,2017,배민관,60105,3000
202,2017,배영섭,79465,15000
203,2017,배영수,70425,55000
204,2017,배우열,79191,4600
205,2017,배장호,76540,5400
206,2017,배재환,64995,4000
207,2017,배제성,65516,2700
208,2017,배힘찬,72321,3300
209,2017,백상원,60456,9000
210,2017,백승현,65109,4600
211,2017,백용환,78643,5500
212,2017,백인식,78819,3800
213,2017,백정현,77446,10000
214,2017,백창수,60100,4200
215,2017,밴헤켄,62322,65000
216,2017,버나디나,67650,75000
217,2017,번즈,67598,60000
218,2017,보우덴,66226,65000
219,2017,브리검,67313,25000
220,2017,비야누에바,67742,132400
221,2017,서건창,78168,40000
222,2017,서균,64759,2700
223,2017,서동욱,73606,15000
224,2017,서상우,62164,5500
225,2017,서예일,66203,2700
226,2017,서진용,61895,4000
227,2017,성영훈,79222,2700
228,2017,성의준,62406,3000
229,2017,소사,62698,50000
230,2017,손동욱,63619,2800
231,2017,손승락,75321,70000
232,2017,손시헌,73213,40000
233,2017,손아섭,77532,65000
234,2017,손영민,76639,8000
235,2017,손주영,67143,2700
236,2017,손주인,72456,20000
237,2017,송광민,76753,20000
238,2017,송성문,65357,3000
239,2017,송승준,77591,40000
240,2017,송신영,99314,19000
241,2017,송은범,73801,45000
242,2017,송창식,74731,22000
243,2017,스크럭스,67935,80000
244,2017,신본기,62556,5500
245,2017,신성현,64086,3700
246,2017,신승현,70839,6000
247,2017,신재영,62937,11000
248,2017,신재웅,75138,12000
249,2017,신정락,60140,7500
250,2017,신종길,72559,9800
251,2017,신진호,67944,2700
252,2017,심동섭,60636,11000
253,2017,심수창,74167,25000
254,2017,심우준,64006,5000
255,2017,심재민,64017,5700
256,2017,심창민,61411,21000
257,2017,안규영,61215,3000
258,2017,안규현,64462,2800
259,2017,안성무,63027,2800
260,2017,안영명,73738,20000
261,2017,안익훈,65115,5000
262,2017,안주형,66406,2700
263,2017,안치영,67006,3000
264,2017,안치홍,79608,22000
265,2017,애디튼,67559,46300
266,2017,양석환,64153,9000
267,2017,양성우,62797,8000
268,2017,양의지,76232,48000
269,2017,양현종,77637,150000
270,2017,양훈,75750,15000
271,2017,엄상백,65056,5300
272,2017,에반스,66244,55000
273,2017,여건욱,79825,4000
274,2017,오간도,67748,238300
275,2017,오선진,78756,7600
276,2017,오설리반,67312,73000
277,2017,오윤성,67360,2700
278,2017,오재원,77248,55000
279,2017,오재일,75334,19800
280,2017,오정복,79453,7000
281,2017,오주원,74359,12000
282,2017,오준혁,61743,4200
283,2017,오지환,79109,35000
284,2017,우규민,73117,70000
285,2017,우동균,78454,5500
286,2017,워스,67827,92600
287,2017,원종현,76118,14000
288,2017,유강남,61102,10000
289,2017,유민상,62265,4500
290,2017,유영준,63903,2800
291,2017,유원상,76757,6000
292,2017,유재신,76368,6000
293,2017,유재유,66160,3000
294,2017,유한준,74339,60000
295,2017,유희관,79229,50000
296,2017,윤규진,73750,18000
297,2017,윤근영,75730,4000
298,2017,윤길현,72862,50000
299,2017,윤병호,62016,3000
300,2017,윤석민,74215,16000
301,2017,윤성환,74454,80000
302,2017,윤수호,65064,2700
303,2017,윤영삼,61456,2900
304,2017,윤요섭,78892,6500
305,2017,윤지웅,61329,9500
306,2017,윤진호,79198,4000
307,2017,윤희상,74838,15000
308,2017,이건욱,64861,2700
309,2017,이대수,72860,35000
310,2017,이대형,73153,30000
311,2017,이대호,71564,250000
312,2017,이동걸,77452,5000
313,2017,이동현,71118,60000
314,2017,이명기,76849,15000
315,2017,이명우,72535,11000
316,2017,이민우,65616,5100
317,2017,이민호,62929,16000
318,2017,이범호,70756,65000
319,2017,이병규,76100,12000
320,2017,이보근,75342,15000
321,2017,이상호,60566,4800
322,2017,이상화,77563,4500
323,2017,이성곤,64266,2800
324,2017,이성규,66409,2700
325,2017,이성열,73136,23000
326,2017,이성우,71184,6000
327,2017,이수민,64464,3000
328,2017,이승엽,95436,100000
329,2017,이승현,60146,6200
330,2017,이양기,73725,5400
331,2017,이영욱,78467,6500
332,2017,이영준,64051,7000
333,2017,이영하,66291,2700
334,2017,이용규,74163,90000
335,2017,이용찬,77211,18000
336,2017,이용호,77253,2700
337,2017,이우민,71565,7000
338,2017,이우성,63260,2800
339,2017,이원석,75566,30000
340,2017,이원재,62025,6600
341,2017,이인행,60648,3100
342,2017,이재근,67092,2700
343,2017,이재원,76812,35000
344,2017,이재율,66968,3000
345,2017,이재학,60263,20000
346,2017,이정민,72551,15000
347,2017,이정후,67341,2700
348,2017,이정훈,67644,4000
349,2017,이종욱,73339,50000
350,2017,이종혁,67066,2700
351,2017,이종환,60667,6200
352,2017,이지영,79456,26000
353,2017,이진영,99810,40000
354,2017,이진영,66657,2700
355,2017,이창열,64706,3200
356,2017,이천웅,61186,9300
357,2017,이충호,63749,3200
358,2017,이태양,60768,8300
359,2017,이택근,73342,50000
360,2017,이해창,60343,4500
361,2017,이현동,62499,2800
362,2017,이현승,76329,40000
363,2017,이현호,61214,6000
364,2017,이형범,62951,2700
365,2017,이형종,78135,6000
366,2017,이호준,94629,75000
367,2017,이홍구,63634,7000
368,2017,임기영,62754,3100
369,2017,임기준,60634,3700
370,2017,임대한,66493,3700
371,2017,임병욱,64346,6500
372,2017,임익준,77464,3500
373,2017,임정우,61891,22000
374,2017,임정호,63959,8700
375,2017,임준혁,73632,10000
376,2017,임진우,60441,3200
377,2017,임찬규,61101,6500
378,2017,임창민,78352,22500
379,2017,임창용,95657,50000
380,2017,임치영,62868,2400
381,2017,임현준,61457,3200
382,2017,임훈,74823,10000
383,2017,장민석,71347,10000
384,2017,장민익,60255,2700
385,2017,장민재,79764,8100
386,2017,장성우,78548,5000
387,2017,장시환,77318,8900
388,2017,장영석,79334,3600
389,2017,장원삼,76355,75000
390,2017,장원준,74513,100000
391,2017,장준원,64115,3200
392,2017,장지훈,67443,2700
393,2017,장필준,77927,6500
394,2017,장현식,63950,6400
395,2017,전민수,78361,5000
396,2017,전용훈,64267,2700
397,2017,전유수,75340,11000
398,2017,전준우,78513,20500
399,2017,정경운,66716,3300
400,2017,정근우,75808,70000
401,2017,정대현,60264,6300
402,2017,정동윤,66858,2700
403,2017,정동현,66659,3000
404,2017,정범모,76720,5500
405,2017,정병곤,61104,3500
406,2017,정상호,71842,50000
407,2017,정성곤,65058,3300
408,2017,정성훈,99606,30000
409,2017,정수민,66960,3700
410,2017,정영일,62056,4000
411,2017,정용운,79617,3100
412,2017,정우람,74857,120000
413,2017,정의윤,75151,30000
414,2017,정인욱,79440,7200
415,2017,정재원,74748,4000
416,2017,정주현,79150,6000
417,2017,정주후,65096,2900
418,2017,정진기,61869,2900
419,2017,정진호,61208,4700
420,2017,정찬헌,78148,4500
421,2017,정현,63450,2800
422,2017,정현석,78745,9500
423,2017,정훈,60523,15000
424,2017,조근종,63104,2700
425,2017,조동찬,72466,40000
426,2017,조무근,65067,5700
427,2017,조상우,63342,15000
428,2017,조수행,66209,3600
429,2017,조승수,79235,2900
430,2017,조영훈,75441,11000
431,2017,조용호,64868,3100
432,2017,조윤준,62147,3000
433,2017,조인성,98144,40000
434,2017,조정훈,75537,12500
435,2017,조평호,74358,3500
436,2017,주권,65060,7500
437,2017,주효상,66354,3000
438,2017,지석훈,73306,14900
439,2017,진명호,79545,5000
440,2017,진해수,76650,11000
441,2017,차우찬,76455,100000
442,2017,차일목,73602,15000
443,2017,차재용,65509,2800
444,2017,채병용,71845,25000
445,2017,채상현,66302,2700
446,2017,채은성,79192,16000
447,2017,채태인,77463,30000
448,2017,초이스,67394,79400
449,2017,최경철,73824,9000
450,2017,최금강,62966,14000
451,2017,최동환,79140,6000
452,2017,최민창,65157,3300
453,2017,최병연,60658,3300
454,2017,최성영,66920,2900
455,2017,최성훈,62146,4500
456,2017,최승준,76158,6200
457,2017,최영진,61197,3000
458,2017,최영필,97336,13000
459,2017,최원재,60848,4600
460,2017,최원제,77466,3300
461,2017,최원준,66606,3100
462,2017,최원태,65320,4500
463,2017,최윤석,60805,5200
464,2017,최재원,63913,6500
465,2017,최재훈,78288,6800
466,2017,최정,75847,120000
467,2017,최정민,62893,5500
468,2017,최정용,65464,2700
469,2017,최주환,76267,10000
470,2017,최준석,71552,40000
471,2017,최지광,67421,2700
472,2017,최진행,74729,17000
473,2017,최충연,66451,3000
474,2017,최항,62884,3100
475,2017,최형우,72443,150000
476,2017,켈리,65856,85000
477,2017,팻딘,67645,70000
478,2017,페트릭,67435,59500
479,2017,피어밴드,65331,35000
480,2017,하영민,64350,6000
481,2017,하주석,62700,9000
482,2017,하준호,78517,5200
483,2017,한승택,63722,3100
484,2017,한승혁,61666,7500
485,2017,한현희,62363,25000
486,2017,함덕주,63248,7000
487,2017,해커,63938,60000
488,2017,허건엽,62892,3300
489,2017,허경민,79240,30000
490,2017,허도환,77243,7800
491,2017,허정협,65399,3300
492,2017,허프,66138,55000
493,2017,헥터,66643,170000
494,2017,홍건희,61643,9000
495,2017,홍상삼,78247,12500
496,2017,홍성갑,61366,3600
497,2017,홍성무,65042,3000
498,2017,홍성용,75149,6300
499,2017,홍재호,60605,3700
500,2017,홍현빈,67005,2700
501,2017,황경태,66207,2700
502,2017,황덕균,72261,2700
503,2017,황목치승,63077,4000
504,2017,황수범,61496,2700
505,2017,황윤호,62908,3000
506,2017,황진수,78566,2800
507,2017,히메네스,65103,50000
508,2018,가르시아,68103,23800
509,2018,강경학,61700,5800
510,2018,강구성,62917,2700
511,2018,강동연,61295,2800
512,2018,강민국,64906,2700
513,2018,강민호,74540,100000
514,2018,강백호,68050,2700
515,2018,강상원,66710,3000
516,2018,강승현,78552,2900
517,2018,강승호,63123,3500
518,2018,강윤구,79358,8500
519,2018,강지광,79130,3000
520,2018,강진성,62925,3000
521,2018,강한울,64610,15500
522,2018,고명성,68069,2700
523,2018,고영창,63628,2800
524,2018,고영표,64001,11500
525,2018,고우석,67119,4000
526,2018,고종욱,61353,11000
527,2018,고창성,78248,6200
528,2018,고효준,72523,10000
529,2018,곽빈,68220,2700
530,2018,구승민,63543,3400
531,2018,구자욱,62404,25000
532,2018,구창모,65933,5700
533,2018,권오준,99445,15000
534,2018,권정웅,65412,4500
535,2018,권혁,72447,45000
536,2018,권희동,63963,13000
537,2018,금민철,75258,8000
538,2018,김강률,77263,15000
539,2018,김강민,71837,60000
540,2018,김건국,76225,2700
541,2018,김건태,60339,4500
542,2018,김경태,60757,4000
543,2018,김광현,77829,140000
544,2018,김규민,62356,2900
545,2018,김기태,76461,4000
546,2018,김대우,78536,2900
547,2018,김대우,61365,12000
548,2018,김동엽,66838,11500
549,2018,김동준,62360,4900
550,2018,김동한,61204,6300
551,2018,김문호,76509,15000
552,2018,김민,68043,2700
553,2018,김민규,68200,2700
554,2018,김민성,77564,35000
555,2018,김민수,65048,3200
556,2018,김민수,64793,3300
557,2018,김민식,62864,15000
558,2018,김민우,65764,3600
559,2018,김민하,61554,3200
560,2018,김민혁,65269,3000
561,2018,김범수,65769,3600
562,2018,김사연,78753,4000
563,2018,김사율,99563,20000
564,2018,김사훈,61591,4000
565,2018,김상수,79402,24000
566,2018,김상수,76430,16500
567,2018,김석환,67610,2800
568,2018,김선기,66018,2700
569,2018,김선빈,78603,28000
570,2018,김성민,67828,5500
571,2018,김성욱,62934,10500
572,2018,김성윤,67449,3000
573,2018,김성현,76802,25000
574,2018,김성훈,67762,2700
575,2018,김성훈,66462,4700
576,2018,김세현,76350,29000
577,2018,김승현,66492,4000
578,2018,김승회,73248,10000
579,2018,김시현,67467,3300
580,2018,김영준,68130,2700
581,2018,김영환,63448,3700
582,2018,김용의,78217,9000
583,2018,김용주,60764,3300
584,2018,김용하,68453,2700
585,2018,김원중,62528,6300
586,2018,김유신,68659,2700
587,2018,김윤동,62648,15000
588,2018,김응민,60288,3000
589,2018,김인태,63257,3200
590,2018,김인환,66715,2800
591,2018,김재균,68908,2700
592,2018,김재영,66741,5300
593,2018,김재윤,65062,11000
594,2018,김재율,61114,6800
595,2018,김재현,76869,5100
596,2018,김재현,64499,4500
597,2018,김재현,62332,5000
598,2018,김재호,74206,65000
599,2018,김재환,78224,47000
600,2018,김정인,65392,3200
601,2018,김정후,61962,3500
602,2018,김종덕,66392,2700
603,2018,김종민,79364,5300
604,2018,김종수,63765,2700
605,2018,김주찬,70410,40000
606,2018,김주한,66859,9000
607,2018,김주형,74605,7500
608,2018,김지성,62007,3800
609,2018,김지수,79300,6200
610,2018,김지용,60181,9000
611,2018,김진곤,63088,3300
612,2018,김진성,75867,23000
613,2018,김진영,67737,3000
614,2018,김진욱,68701,2700
615,2018,김찬형,66917,2700
616,2018,김창혁,60184,3000
617,2018,김철호,68906,2700
618,2018,김태균,71752,160000
619,2018,김태연,66704,3000
620,2018,김태오,66064,2700
621,2018,김태완,76746,6000
622,2018,김태진,64984,3000
623,2018,김태형,62918,2700
624,2018,김태훈,79847,4000
625,2018,김택형,65343,4000
626,2018,김하성,64300,32000
627,2018,김헌곤,61404,8500
628,2018,김현수,76290,140000
629,2018,김형준,68912,2700
630,2018,김혜성,67304,2900
631,2018,김호재,64407,2800
632,2018,김회성,79705,5800
633,2018,나경민,66508,5800
634,2018,나성범,62947,43000
635,2018,나원탁,67454,2800
636,2018,나종덕,67539,2800
637,2018,나주환,73209,30000
638,2018,나지완,78629,60000
639,2018,남윤성,67840,2800
640,2018,남태혁,66052,3300
641,2018,노경은,73211,10000
642,2018,노수광,63704,13000
643,2018,노진혁,62931,4300
644,2018,니퍼트,61240,210000
645,2018,도태훈,66965,3000
646,2018,듀브론트,68526,109500
647,2018,러프,67450,140000
648,2018,레일리,65546,111000
649,2018,로맥,67872,50000
650,2018,로저스,65742,170000
651,2018,로하스,67025,80000
652,2018,류승현,66615,2900
653,2018,류재인,65908,2700
654,2018,류지혁,62234,9500
655,2018,류희운,64029,4000
656,2018,린드블럼,65543,135000
657,2018,모창민,78813,18500
658,2018,문경찬,65643,3100
659,2018,문광은,60845,4500
660,2018,문규현,72546,18000
661,2018,문선재,79113,7000
662,2018,문성주,68119,2700
663,2018,문성현,60336,8800
664,2018,문승원,62869,9000
665,2018,민병헌,76249,100000
666,2018,민태호,78366,4000
667,2018,박건우,79215,37000
668,2018,박경수,73113,23000
669,2018,박경태,76653,4000
670,2018,박광열,64944,3600
671,2018,박근홍,74630,8000
672,2018,박기혁,70553,15000
673,2018,박동원,79365,18000
674,2018,박민우,62907,32000
675,2018,박민호,64893,4000
676,2018,박병호,75125,150000
677,2018,박상원,67703,3100
678,2018,박석민,74465,75000
679,2018,박성모,68201,2700
680,2018,박성한,67893,2700
681,2018,박세웅,64021,25000
682,2018,박세진,66047,3100
683,2018,박세혁,62244,10000
684,2018,박승욱,62802,4500
685,2018,박시영,60559,6300
686,2018,박신지,68249,2700
687,2018,박용택,72133,80000
688,2018,박정권,74846,40000
689,2018,박정배,75250,14000
690,2018,박정수,65639,3300
691,2018,박정음,62353,5500
692,2018,박정준,61396,2700
693,2018,박종훈,60841,20000
694,2018,박주홍,68703,2700
695,2018,박준태,64657,3800
696,2018,박준표,63638,4500
697,2018,박준혁,64724,3000
698,2018,박지규,65136,5000
699,2018,박진우,63991,2700
700,2018,박진형,63512,10500
701,2018,박찬도,62409,5000
702,2018,박치국,67266,3400
703,2018,박한이,71432,25000
704,2018,박해민,62415,29000
705,2018,박헌도,79356,5600
706,2018,박헌욱,62921,2700
707,2018,박희수,76858,18500
708,2018,반슬라이크,68245,42300
709,2018,배민관,60105,3000
710,2018,배영섭,79465,13000
711,2018,배영수,70425,50000
712,2018,배우열,79191,4700
713,2018,배장호,76540,13000
714,2018,배재준,63145,2700
715,2018,배재환,64995,3000
716,2018,배정대,64166,3500
717,2018,배제성,65516,3000
718,2018,백상원,60456,9000
719,2018,백승민,64410,2700
720,2018,백승현,65109,3000
721,2018,백용환,78643,5300
722,2018,백인식,78819,4000
723,2018,백정현,77446,15500
724,2018,백창수,60100,5000
725,2018,버나디나,67650,75000
726,2018,번즈,67598,73000
727,2018,베렛,68953,105900
728,2018,변진수,62263,6000
729,2018,보니야,68400,136000
730,2018,봉민호,65802,2700
731,2018,브리검,67313,65000
732,2018,산체스,68815,85000
733,2018,샌즈,68345,100000
734,2018,샘슨,68748,61450
735,2018,서건창,78168,38000
736,2018,서균,64759,3000
737,2018,서동욱,73606,18500
738,2018,서상우,62164,3500
739,2018,서의태,66068,2700
740,2018,서진용,61895,6000
741,2018,성동현,68159,2700
742,2018,소사,62698,120000
743,2018,손승락,75321,70000
744,2018,손시헌,73213,50000
745,2018,손아섭,77532,150000
746,2018,손주영,67143,3000
747,2018,손주인,72456,18000
748,2018,송광민,76753,24000
749,2018,송민섭,64012,3000
750,2018,송성문,65357,3500
751,2018,송승준,77591,40000
752,2018,송은범,73801,45000
753,2018,송준석,64469,2700
754,2018,송창식,74731,24000
755,2018,스크럭스,67935,80000
756,2018,신범수,66662,2900
757,2018,신병률,68067,2700
758,2018,신본기,62556,9000
759,2018,신성현,64086,5700
760,2018,신재영,62937,14000
761,2018,신재웅,75138,11000
762,2018,신정락,60140,10500
763,2018,신진호,67944,2800
764,2018,심규범,64594,2400
765,2018,심동섭,60636,13000
766,2018,심수창,74167,20000
767,2018,심우준,64006,6300
768,2018,심재민,64017,5700
769,2018,심창민,61411,23000
770,2018,아델만,68435,125700
771,2018,안상현,66864,2700
772,2018,안성무,63027,2800
773,2018,안영명,73738,35000
774,2018,안우진,68341,2700
775,2018,안익훈,65115,9000
776,2018,안주형,66406,3100
777,2018,안중열,64022,2800
778,2018,안치홍,79608,32000
779,2018,양석환,64153,16000
780,2018,양성우,62797,10000
781,2018,양원혁,64117,2900
782,2018,양의지,76232,60000
783,2018,양종민,79530,2900
784,2018,양창섭,68415,2700
785,2018,양현,61268,3000
786,2018,양현종,77637,230000
787,2018,엄상백,65056,7600
788,2018,여건욱,79825,4000
789,2018,예진원,68330,2700
790,2018,오선진,78756,8600
791,2018,오영수,68904,2700
792,2018,오윤석,64504,3100
793,2018,오재원,77248,55000
794,2018,오재일,75334,30000
795,2018,오정복,79453,7000
796,2018,오주원,74359,15000
797,2018,오준혁,61743,4200
798,2018,오지환,79109,29000
799,2018,오현택,79293,6000
800,2018,왕웨이중,68948,66200
801,2018,우규민,73117,70000
802,2018,원종현,76118,18500
803,2018,윌슨,68135,80000
804,2018,유강남,61102,18500
805,2018,유민상,62265,4500
806,2018,유승철,67640,2800
807,2018,유원상,76757,6000
808,2018,유재신,76368,6500
809,2018,유재유,66160,3200
810,2018,유한준,74339,60000
811,2018,유희관,79229,50000
812,2018,윤강민,63936,2700
813,2018,윤규진,73750,21000
814,2018,윤근영,75730,4200
815,2018,윤길현,72862,50000
816,2018,윤대영,63905,2900
817,2018,윤병호,62016,3000
818,2018,윤석민,75620,125000
819,2018,윤석민,74215,31000
820,2018,윤성빈,67588,2700
821,2018,윤성환,74454,80000
822,2018,윤수호,65064,2700
823,2018,윤영삼,61456,4500
824,2018,윤정우,61652,3000
825,2018,윤지웅,61329,5800
826,2018,윤진호,79198,4200
827,2018,윤희상,74838,13000
828,2018,이대수,72860,35000
829,2018,이대형,73153,20000
830,2018,이대호,71564,250000
831,2018,이도윤,65703,2700
832,2018,이동걸,77452,5000
833,2018,이동현,71118,60000
834,2018,이명기,76849,25000
835,2018,이명우,72535,11000
836,2018,이민우,65616,3500
837,2018,이민호,62929,18800
838,2018,이범호,70756,65000
839,2018,이병규,76100,9000
840,2018,이병휘,67207,2700
841,2018,이보근,75342,14000
842,2018,이상민,63960,4200
843,2018,이상호,60566,7500
844,2018,이상화,77563,10000
845,2018,이성곤,64266,3000
846,2018,이성열,73136,25000
847,2018,이성우,71184,9000
848,2018,이승진,64805,2700
849,2018,이승현,60146,7000
850,2018,이승호,67603,2700
851,2018,이영욱,78467,6500
852,2018,이영준,64051,2900
853,2018,이영하,66291,4200
854,2018,이용규,74163,40000
855,2018,이용찬,77211,23500
856,2018,이우석,65964,2800
857,2018,이우성,63260,2800
858,2018,이우찬,61145,3000
859,2018,이원석,75566,30000
860,2018,이원재,62025,2700
861,2018,이원준,67863,2700
862,2018,이윤재,61865,2500
863,2018,이인행,60648,3200
864,2018,이인혁,68901,2700
865,2018,이재원,76812,35000
866,2018,이재율,66968,3200
867,2018,이재학,60263,19000
868,2018,이정후,67341,11000
869,2018,이종욱,73339,50000
870,2018,이종혁,67066,3200
871,2018,이준수,77654,3000
872,2018,이지영,79456,21000
873,2018,이진영,99810,40000
874,2018,이창진,64560,2400
875,2018,이천웅,61186,8000
876,2018,이태양,60768,7300
877,2018,이택근,73342,50000
878,2018,이해창,60343,7100
879,2018,이현승,76329,40000
880,2018,이현호,61214,5200
881,2018,이형범,62951,3500
882,2018,이형종,78135,10500
883,2018,이흥련,63440,7500
884,2018,임기영,62754,13000
885,2018,임기준,60634,6000
886,2018,임병욱,64346,5000
887,2018,임정우,61891,14000
888,2018,임준섭,62611,6000
889,2018,임준혁,73632,10000
890,2018,임지섭,64155,3700
891,2018,임찬규,61101,11500
892,2018,임창민,78352,25000
893,2018,임창용,95657,50000
894,2018,임현준,61457,3500
895,2018,임훈,74823,7000
896,2018,장민익,60255,2700
897,2018,장민재,79764,7100
898,2018,장성우,78548,7300
899,2018,장승현,63202,2800
900,2018,장시윤,63360,3600
901,2018,장시환,77318,8500
902,2018,장영석,79334,6000
903,2018,장원삼,76355,20000
904,2018,장원준,74513,100000
905,2018,장지훈,67443,2800
906,2018,장진혁,66706,2800
907,2018,장필준,77927,6500
908,2018,장현식,63950,6400
909,2018,전민수,78361,5100
910,2018,전민재,68205,2700
911,2018,전병우,65586,2700
912,2018,전상현,66609,2700
913,2018,전유수,75340,8500
914,2018,전인환,79339,2700
915,2018,전준우,78513,27000
916,2018,정경운,66716,3300
917,2018,정근우,75808,70000
918,2018,정동윤,66858,2700
919,2018,정범모,76720,5500
920,2018,정병곤,61104,4500
921,2018,정상호,71842,50000
922,2018,정성곤,65058,4700
923,2018,정성종,68556,2700
924,2018,정성훈,99606,30000
925,2018,정수민,66960,4200
926,2018,정수빈,79231,28000
927,2018,정영일,62056,3000
928,2018,정용운,79617,7500
929,2018,정우람,74857,120000
930,2018,정은원,68743,2700
931,2018,정의윤,75151,30000
932,2018,정인욱,79440,5700
933,2018,정재원,74748,4000
934,2018,정주현,79150,5000
935,2018,정진기,61869,6200
936,2018,정진호,61208,8500
937,2018,정찬헌,78148,9500
938,2018,정태승,62595,2700
939,2018,정현,63450,7800
940,2018,정훈,60523,10000
941,2018,조동찬,72466,40000
942,2018,조무근,65067,5700
943,2018,조상우,63342,12000
944,2018,조성훈,68848,2700
945,2018,조수행,66209,4500
946,2018,조용호,64868,6200
947,2018,조원빈,66992,2700
948,2018,조정훈,75537,12500
949,2018,조홍석,63593,2800
950,2018,주권,65060,7600
951,2018,주효상,66354,3500
952,2018,지석훈,73306,15000
953,2018,진명호,79545,3300
954,2018,진해수,76650,19000
955,2018,차우찬,76455,100000
956,2018,채병용,71845,30000
957,2018,채은성,79192,11000
958,2018,채태인,77463,20000
959,2018,초이스,67394,79400
960,2018,최건,68036,2700
961,2018,최금강,62966,12500
962,2018,최대성,74543,3500
963,2018,최동환,79140,6500
964,2018,최민준,68856,2700
965,2018,최성영,66920,2900
966,2018,최성훈,62146,6000
967,2018,최승준,76158,5600
968,2018,최영진,61197,3300
969,2018,최원제,77466,3300
970,2018,최원준,66606,7500
971,2018,최원태,65320,15000
972,2018,최윤석,60805,4800
973,2018,최재훈,78288,8000
974,2018,최정,75847,120000
975,2018,최정민,62893,5500
976,2018,최주환,76267,20000
977,2018,최준석,71552,40000
978,2018,최지광,67421,3100
979,2018,최진행,74729,19000
980,2018,최채흥,68419,2700
981,2018,최충연,66451,4500
982,2018,최항,62884,4200
983,2018,최형우,72443,150000
984,2018,켈리,65856,85000
985,2018,파레디스,68244,92600
986,2018,팻딘,67645,70000
987,2018,피어밴드,65331,35000
988,2018,하영민,64350,5500
989,2018,하주석,62700,12000
990,2018,하준영,68639,2700
991,2018,하준호,78517,5700
992,2018,한기주,76610,6000
993,2018,한동희,68525,2700
994,2018,한승택,63722,7500
995,2018,한승혁,61666,6500
996,2018,한주성,64255,2700
997,2018,한현희,62363,23000
998,2018,함덕주,63248,16000
999,2018,해커,63938,60000
1000,2018,허경민,79240,26500
1001,2018,허도환,77243,6800
1002,2018,허일,61566,2700
1003,2018,허정협,65399,4500
1004,2018,허준혁,79535,7500
1005,2018,헤일,68794,52900
1006,2018,헥터,66643,170000
1007,2018,호잉,68730,40000
1008,2018,홍건희,61643,8000
1009,2018,홍상삼,78247,9000
1010,2018,홍성갑,61366,3600
1011,2018,홍성민,62655,12000
1012,2018,홍성용,75149,6300
1013,2018,홍재호,60605,3500
1014,2018,홍창기,66108,2700
1015,2018,홍현빈,67005,2900
1016,2018,황경태,66207,2800
1017,2018,황수범,61496,2700
1018,2018,황윤호,62908,3100
1019,2018,황인준,65618,2800
1020,2018,황재균,76313,120000
1021,2018,황진수,78566,6200
1022,2018,후랭코프,68240,70000
1023,2018,휠러,68742,62800
1024,2019,강경학,61700,5800
1025,2019,강동연,61295,2800
1026,2019,강로한,65515,3600
1027,2019,강민국,64906,2700
1028,2019,강민호,74540,100000
1029,2019,강백호,68050,2700
1030,2019,강승호,63123,9600
1031,2019,강윤구,79358,8500
1032,2019,강정현,69158,2700
1033,2019,강지광,79130,3000
1034,2019,강진성,62925,3000
1035,2019,고명성,68069,2800
1036,2019,고승민,69517,7300
1037,2019,고영창,63628,2800
1038,2019,고우석,67119,4000
1039,2019,고장혁,63636,6000
1040,2019,고종욱,61353,11000
1041,2019,고효준,72523,9000
1042,2019,공민규,68407,4000
1043,2019,구본혁,69100,7000
1044,2019,구승민,63543,3400
1045,2019,구자욱,62404,25000
1046,2019,구창모,65933,5700
1047,2019,권오준,99445,15000
1048,2019,권혁,72447,45000
1049,2019,권희동,63963,13000
1050,2019,금민철,75258,8000
1051,2019,김강민,71837,60000
1052,2019,김건국,76225,2700
1053,2019,김건태,60339,4500
1054,2019,김경태,60757,4000
1055,2019,김경호,64260,3000
1056,2019,김광현,77829,140000
1057,2019,김규민,62356,2900
1058,2019,김기훈,69620,5000
1059,2019,김대우,61365,12000
1060,2019,김대유,60337,2700
1061,2019,김대한,69238,4500
1062,2019,김도환,69442,5000
1063,2019,김동엽,66838,11500
1064,2019,김동준,62360,4900
1065,2019,김동한,61204,6300
1066,2019,김문호,76509,15000
1067,2019,김민,68043,2700
1068,2019,김민규,68200,2700
1069,2019,김민성,77564,35000
1070,2019,김민수,67504,2700
1071,2019,김민수,65048,3200
1072,2019,김민수,64793,3300
1073,2019,김민식,62864,15000
1074,2019,김민우,65764,3600
1075,2019,김민하,61554,3200
1076,2019,김민혁,64004,4700
1077,2019,김범수,65769,3600
1078,2019,김병희,64014,4700
1079,2019,김사훈,61591,3900
1080,2019,김상수,79402,24000
1081,2019,김상수,76430,16500
1082,2019,김선기,66018,2700
1083,2019,김선빈,78603,28000
1084,2019,김성민,69860,2700
1085,2019,김성민,67828,5500
1086,2019,김성욱,62934,10500
1087,2019,김성현,76802,25000
1088,2019,김성훈,67762,3600
1089,2019,김성훈,66462,4700
1090,2019,김세현,76350,29000
1091,2019,김승범,68616,3000
1092,2019,김승현,66492,5500
1093,2019,김승회,73248,10000
1094,2019,김시현,67467,3300
1095,2019,김영규,68900,14000
1096,2019,김영환,63448,3700
1097,2019,김용의,78217,9000
1098,2019,김웅빈,65898,3000
1099,2019,김원중,62528,6300
1100,2019,김윤동,62648,15000
1101,2019,김윤수,68403,6500
1102,2019,김응민,60288,3000
1103,2019,김인태,63257,3200
1104,2019,김인환,66715,3000
1105,2019,김재성,65132,2700
1106,2019,김재영,66741,7100
1107,2019,김재윤,65062,11000
1108,2019,김재율,61114,4800
1109,2019,김재현,76869,5100
1110,2019,김재현,64499,4500
1111,2019,김재호,74206,65000
1112,2019,김재환,78224,47000
1113,2019,김정우,68830,3000
1114,2019,김정후,61962,3500
1115,2019,김종민,79364,5300
1116,2019,김종수,63765,2700
1117,2019,김주찬,70410,40000
1118,2019,김주한,66859,9000
1119,2019,김주형,69306,5500
1120,2019,김준완,63920,7000
1121,2019,김준태,62558,3000
1122,2019,김지수,79300,6200
1123,2019,김진곤,63088,3300
1124,2019,김진성,75867,23000
1125,2019,김진영,67737,3000
1126,2019,김진욱,68701,2700
1127,2019,김진형,79234,2700
1128,2019,김찬형,66917,2700
1129,2019,김창평,69825,3000
1130,2019,김창혁,60184,3000
1131,2019,김철호,68906,2700
1132,2019,김태군,78122,21000
1133,2019,김태균,71752,160000
1134,2019,김태연,66704,3200
1135,2019,김태오,66064,3300
1136,2019,김태진,64984,3000
1137,2019,김태훈,79847,4000
1138,2019,김택형,65343,4000
1139,2019,김하성,64300,32000
1140,2019,김헌곤,61404,8500
1141,2019,김현수,76290,140000
1142,2019,김현수,69516,4000
1143,2019,김형준,68912,2700
1144,2019,김혜성,67304,2900
1145,2019,김호재,64407,2800
1146,2019,김회성,79705,5800
1147,2019,나경민,66508,5500
1148,2019,나성범,62947,43000
1149,2019,나종덕,67539,2800
1150,2019,나주환,73209,30000
1151,2019,나지완,78629,60000
1152,2019,남태혁,66052,3300
1153,2019,노수광,63704,13000
1154,2019,노시환,69737,13100
1155,2019,노진혁,62931,4300
1156,2019,다익손,69861,79400
1157,2019,라이블리,69439,66300
1158,2019,러프,67450,170000
1159,2019,레일리,65546,117000
1160,2019,로맥,67872,50000
1161,2019,로하스,67025,80000
1162,2019,루친스키,69940,212000
1163,2019,류승현,66615,3600
1164,2019,류제국,63111,10000
1165,2019,류지혁,62234,9500
1166,2019,류형우,64164,3200
1167,2019,류희운,64029,4000
1168,2019,린드블럼,65543,170000
1169,2019,맥과이어,69413,95000
1170,2019,모창민,78813,18500
1171,2019,문경찬,65643,3100
1172,2019,문광은,60845,4500
1173,2019,문규현,72546,18000
1174,2019,문동욱,64554,2400
1175,2019,문상철,64007,3600
1176,2019,문선재,79113,7000
1177,2019,문승원,62869,9000
1178,2019,민병헌,76249,100000
1179,2019,민태호,78366,3600
1180,2019,박건우,79215,37000
1181,2019,박경수,73113,23000
1182,2019,박계범,64468,2900
1183,2019,박근홍,74630,5000
1184,2019,박동원,79365,18000
1185,2019,박민석,69056,3000
1186,2019,박민우,62907,32000
1187,2019,박민호,64893,4000
1188,2019,박병호,75125,150000
1189,2019,박상언,66707,3600
1190,2019,박상원,67703,3100
1191,2019,박석민,74465,75000
1192,2019,박세웅,64021,25000
1193,2019,박세혁,62244,10000
1194,2019,박승규,69418,5700
1195,2019,박승욱,62802,4500
1196,2019,박시영,60559,6300
1197,2019,박신지,68249,2700
1198,2019,박용택,72133,80000
1199,2019,박유연,67202,2800
1200,2019,박윤철,69762,3400
1201,2019,박정권,74846,40000
1202,2019,박정배,75250,14000
1203,2019,박정수,65639,3300
1204,2019,박정음,62353,5500
1205,2019,박정준,61396,2700
1206,2019,박종훈,60841,20000
1207,2019,박주성,69328,3700
1208,2019,박주홍,68703,2700
1209,2019,박준태,64657,3800
1210,2019,박준표,63638,4500
1211,2019,박준혁,64724,3000
1212,2019,박지규,65136,5000
1213,2019,박진,69594,2700
1214,2019,박진우,63991,2700
1215,2019,박진태,67646,2700
1216,2019,박진형,63512,10500
1217,2019,박찬도,62409,5000
1218,2019,박찬호,64646,3700
1219,2019,박치국,67266,3400
1220,2019,박한결,63703,3100
1221,2019,박한이,71432,25000
1222,2019,박해민,62415,29000
1223,2019,박헌욱,62921,3000
1224,2019,박희수,76858,18500
1225,2019,배민서,69974,7000
1226,2019,배성근,64501,7000
1227,2019,배영섭,79465,13000
1228,2019,배영수,70425,50000
1229,2019,배재준,63145,2700
1230,2019,배재환,64995,3000
1231,2019,배정대,64166,3500
1232,2019,배제성,65516,3000
1233,2019,백승건,69839,3000
1234,2019,백승민,64410,2700
1235,2019,백승현,65109,3000
1236,2019,백용환,78643,5300
1237,2019,백인식,78819,4000
1238,2019,백정현,77446,15500
1239,2019,백창수,60100,5000
1240,2019,버틀러,69934,80000
1241,2019,베탄코트,69950,50000
1242,2019,변우혁,69727,3500
1243,2019,브리검,67313,65000
1244,2019,산체스,68815,85000
1245,2019,샌즈,68345,100000
1246,2019,서건창,78168,38000
1247,2019,서균,64759,3000
1248,2019,서상우,62164,5300
1249,2019,서예일,66203,2700
1250,2019,서준원,69539,9500
1251,2019,서진용,61895,6000
1252,2019,서폴드,69744,119300
1253,2019,소사,62698,120000
1254,2019,소이현,67962,3100
1255,2019,손동현,69041,5000
1256,2019,손승락,75321,70000
1257,2019,손시헌,73213,50000
1258,2019,손아섭,77532,150000
1259,2019,손주인,72456,15000
1260,2019,송광민,76753,24000
1261,2019,송명기,69962,13000
1262,2019,송민섭,64012,3000
1263,2019,송성문,65357,3500
1264,2019,송승준,77591,40000
1265,2019,송승환,69203,3500
1266,2019,송은범,73801,45000
1267,2019,송준석,64469,2700
1268,2019,송창식,74731,24000
1269,2019,송창현,63791,3100
1270,2019,스몰린스키,69901,25000
1271,2019,신민재,65207,4800
1272,2019,신범수,66662,3200
1273,2019,신본기,62556,9000
1274,2019,신성현,64086,5700
1275,2019,신용수,69508,3000
1276,2019,신재영,62937,14000
1277,2019,신재웅,75138,11000
1278,2019,신정락,60140,10500
1279,2019,심수창,74167,5000
1280,2019,심우준,64006,6300
1281,2019,아수아헤,69530,55100
1282,2019,안상현,66864,2700
1283,2019,안승한,64011,13000
1284,2019,안영명,73738,35000
1285,2019,안우진,68341,2700
1286,2019,안중열,64022,5100
1287,2019,안치영,67006,3000
1288,2019,안치홍,79608,32000
1289,2019,알칸타라,69045,66300
1290,2019,양성우,62797,10000
1291,2019,양승철,69646,3200
1292,2019,양우현,69403,3300
1293,2019,양원혁,64117,3200
1294,2019,양의지,76232,60000
1295,2019,양종민,79530,2900
1296,2019,양현,61268,3000
1297,2019,양현종,77637,230000
1298,2019,엄상백,65056,8000
1299,2019,여건욱,79825,4000
1300,2019,예진원,68330,2700
1301,2019,오석주,67116,3700
1302,2019,오선우,69636,3000
1303,2019,오선진,78756,8600
1304,2019,오승택,60558,10000
1305,2019,오영수,68904,2700
1306,2019,오윤석,64504,2700
1307,2019,오재원,77248,55000
1308,2019,오재일,75334,30000
1309,2019,오정환,68614,2700
1310,2019,오주원,74359,15000
1311,2019,오준혁,61743,4200
1312,2019,오지환,79109,29000
1313,2019,오현택,79293,6000
1314,2019,요키시,69343,159150
1315,2019,우규민,73117,70000
1316,2019,원종현,76118,18500
1317,2019,원태인,69446,35000
1318,2019,윌랜드,69656,70000
1319,2019,윌리엄슨,69405,22500
1320,2019,윌슨,69569,40000
1321,2019,윌슨,68135,80000
1322,2019,유강남,61102,18500
1323,2019,유민상,62265,4500
1324,2019,유승철,67640,6000
1325,2019,유영준,63903,2800
1326,2019,유원상,76757,6000
1327,2019,유원석,63103,3500
1328,2019,유장혁,69766,3300
1329,2019,유재신,76368,6500
1330,2019,유한준,74339,60000
1331,2019,유희관,79229,50000
1332,2019,윤강민,63936,2700
1333,2019,윤규진,73750,21000
1334,2019,윤길현,72862,50000
1335,2019,윤명준,62242,11500
1336,2019,윤석민,74215,31000
1337,2019,윤성빈,67588,2700
1338,2019,윤성환,74454,80000
1339,2019,윤영삼,61456,4500
1340,2019,윤정현,69399,4500
1341,2019,윤지웅,61329,5800
1342,2019,윤진호,79198,6000
1343,2019,윤해진,62668,3900
1344,2019,이대은,67008,5000
1345,2019,이대형,73153,20000
1346,2019,이대호,71564,250000
1347,2019,이동현,71118,10000
1348,2019,이명기,76849,25000
1349,2019,이민우,65616,3500
1350,2019,이민호,62929,18800
1351,2019,이범호,70756,65000
1352,2019,이병규,76100,9000
1353,2019,이병휘,67207,2700
1354,2019,이보근,75342,14000
1355,2019,이상규,65117,3600
1356,2019,이상동,69054,3200
1357,2019,이상영,69168,5000
1358,2019,이상호,60566,7500
1359,2019,이선우,69068,3000
1360,2019,이성곤,64266,3000
1361,2019,이성규,66409,2700
1362,2019,이성열,73136,25000
1363,2019,이성우,71184,9000
1364,2019,이승진,64805,2700
1365,2019,이승헌,68529,5300
1366,2019,이승현,60146,7000
1367,2019,이승호,67603,2700
1368,2019,이영준,64051,2900
1369,2019,이영하,66291,4200
1370,2019,이용찬,77211,23500
1371,2019,이우석,65964,2800
1372,2019,이우성,63260,2800
1373,2019,이우찬,61145,3000
1374,2019,이원석,75566,30000
1375,2019,이원석,68700,2700
1376,2019,이원재,62025,2700
1377,2019,이원준,67863,2700
1378,2019,이인복,64565,2900
1379,2019,이인행,60648,3300
1380,2019,이인혁,68901,2700
1381,2019,이재원,76812,35000
1382,2019,이재학,60263,19000
1383,2019,이정현,67048,3500
1384,2019,이정후,67341,11000
1385,2019,이정훈,67644,4000
1386,2019,이종혁,67066,3200
1387,2019,이준수,77654,3000
1388,2019,이준영,65665,2700
1389,2019,이지영,79456,21000
1390,2019,이진영,66657,2700
1391,2019,이창열,64706,2900
1392,2019,이창진,64560,2400
1393,2019,이천웅,61186,8000
1394,2019,이충호,63749,2900
1395,2019,이케빈,66444,27000
1396,2019,이태양,60768,7300
1397,2019,이학주,69453,7200
1398,2019,이해창,60343,7100
1399,2019,이현동,62499,2800
1400,2019,이현석,65869,2700
1401,2019,이현승,76329,40000
1402,2019,이현호,61214,5200
1403,2019,이형범,62951,3500
1404,2019,이형종,78135,10500
1405,2019,이흥련,63440,7500
1406,2019,임규빈,65398,4500
1407,2019,임기영,62754,13000
1408,2019,임기준,60634,6000
1409,2019,임병욱,64346,5000
1410,2019,임재현,64803,3200
1411,2019,임정호,63959,8700
1412,2019,임준섭,62611,6000
1413,2019,임지섭,64155,3500
1414,2019,임찬규,61101,11500
1415,2019,임창민,78352,25000
1416,2019,임현준,61457,3500
1417,2019,장민재,79764,7100
1418,2019,장성우,78548,7300
1419,2019,장승현,63202,2800
1420,2019,장시환,77318,8500
1421,2019,장영석,79334,6000
1422,2019,장운호,63700,4200
1423,2019,장원삼,76355,20000
1424,2019,장원준,74513,100000
1425,2019,장지수,69645,2700
1426,2019,장지훈,67443,2800
1427,2019,장진혁,66706,2800
1428,2019,장필준,77927,6500
1429,2019,장현식,63950,6400
1430,2019,전민수,78361,5100
1431,2019,전민재,68205,2800
1432,2019,전병우,65586,2700
1433,2019,전사민,69969,3100
1434,2019,전상현,66609,2700
1435,2019,전용주,69047,3000
1436,2019,전유수,75340,8500
1437,2019,전준우,78513,27000
1438,2019,전준호,67123,2700
1439,2019,정근우,75808,70000
1440,2019,정범모,76720,5500
1441,2019,정병곤,61104,4500
1442,2019,정보근,68518,5900
1443,2019,정상호,71842,50000
1444,2019,정성곤,65058,4700
1445,2019,정성종,68556,3700
1446,2019,정수민,66960,4200
1447,2019,정수빈,79231,28000
1448,2019,정영일,62056,3000
1449,2019,정우람,74857,120000
1450,2019,정우영,69159,40000
1451,2019,정은원,68743,2700
1452,2019,정의윤,75151,30000
1453,2019,정인욱,79440,5700
1454,2019,정재원,74748,4000
1455,2019,정주현,79150,5000
1456,2019,정준혁,63558,2700
1457,2019,정진기,61869,6200
1458,2019,정진호,61208,8500
1459,2019,정찬헌,78148,9500
1460,2019,정태승,62595,2700
1461,2019,정현,63450,7800
1462,2019,정훈,60523,10000
1463,2019,조근종,63104,2700
1464,2019,조무근,65067,3500
1465,2019,조상우,63342,12000
1466,2019,조셉,69150,70000
1467,2019,조영건,69360,3400
1468,2019,조용호,64868,6200
1469,2019,조한욱,65827,2700
1470,2019,조현우,64047,2800
1471,2019,조홍석,63593,3600
1472,2019,주권,65060,7600
1473,2019,주효상,66354,3500
1474,2019,지석훈,73306,15000
1475,2019,진명호,79545,3300
1476,2019,진해수,76650,19000
1477,2019,차명진,64615,3300
1478,2019,차우찬,76455,100000
1479,2019,차재용,65509,2800
1480,2019,채드벨,69748,79500
1481,2019,채병용,71845,30000
1482,2019,채은성,79192,11000
1483,2019,채태인,77463,20000
1484,2019,채현우,69804,3000
1485,2019,최건,68036,2700
1486,2019,최경모,69802,2700
1487,2019,최대성,74543,3500
1488,2019,최동환,79140,6500
1489,2019,최민재,63895,3300
1490,2019,최선호,64493,3500
1491,2019,최성영,66920,2900
1492,2019,최승민,65905,3300
1493,2019,최승준,76158,5600
1494,2019,최영진,61197,3300
1495,2019,최영환,64718,2400
1496,2019,최원준,66606,7500
1497,2019,최원태,65320,15000
1498,2019,최윤석,60805,4200
1499,2019,최재훈,78288,8000
1500,2019,최정,75847,120000
1501,2019,최정민,62893,5500
1502,2019,최정용,65464,2700
1503,2019,최주환,76267,20000
1504,2019,최준우,68868,4500
1505,2019,최지광,67421,3100
1506,2019,최진행,74729,19000
1507,2019,최채흥,68419,2700
1508,2019,최충연,66451,4500
1509,2019,최하늘,68501,3600
1510,2019,최항,62884,4200
1511,2019,최형우,72443,150000
1512,2019,추재현,68362,6400
1513,2019,켈리,69103,139200
1514,2019,쿠에바스,69032,106000
1515,2019,터커,69652,700000
1516,2019,톰슨,69550,76000
1517,2019,페게로,69165,15000
1518,2019,페르난데스,69209,79500
1519,2019,프리드릭,69953,15000
1520,2019,하재훈,69813,5500
1521,2019,하주석,62700,12000
1522,2019,하준영,68639,2700
1523,2019,하준호,78517,5700
1524,2019,한동희,68525,2700
1525,2019,한선태,69111,3200
1526,2019,한승택,63722,7500
1527,2019,한준수,68646,3100
1528,2019,한현희,62363,23000
1529,2019,함덕주,63248,16000
1530,2019,해즐베이커,69605,66200
1531,2019,허경민,79240,26500
1532,2019,허도환,77243,6800
1533,2019,허일,61566,2700
1534,2019,허정협,65399,4500
1535,2019,헤일리,69435,90000
1536,2019,호잉,68730,40000
1537,2019,홍건희,61643,8000
1538,2019,홍상삼,78247,9000
1539,2019,홍성무,65042,3000
1540,2019,홍성민,62655,12000
1541,2019,홍재호,60605,4000
1542,2019,홍정우,65496,6300
1543,2019,홍창기,66108,2700
1544,2019,황대인,65610,3000
1545,2019,황영국,64760,2400
1546,2019,황윤호,62908,3100
1547,2019,황인준,65618,2800
1548,2019,황재균,76313,120000
1549,2019,황진수,78566,4000
1550,2019,후랭코프,68240,110000
1551,2020,가뇽,50640,86200
1552,2020,강경학,61700,7800
1553,2020,강동연,61295,3400
1554,2020,강동호,67591,5100
1555,2020,강로한,65515,5300
1556,2020,강민국,64906,4000
1557,2020,강민호,74540,125000
1558,2020,강백호,68050,21000
1559,2020,강윤구,79358,15500
1560,2020,강재민,50705,15000
1561,2020,강지광,79130,4800
1562,2020,강진성,62925,3800
1563,2020,강태율,65514,3900
1564,2020,강한울,64610,15500
1565,2020,강현우,50066,2700
1566,2020,고영창,63628,5800
1567,2020,고우석,67119,22000
1568,2020,고종욱,61353,17000
1569,2020,고효준,72523,9000
1570,2020,구본혁,69100,4000
1571,2020,구승민,63543,8000
1572,2020,구자욱,62404,28000
1573,2020,구창모,65933,18000
1574,2020,권오준,99445,15000
1575,2020,권정웅,65412,4500
1576,2020,권혁,72447,20000
1577,2020,권휘,50203,3700
1578,2020,권희동,63963,13500
1579,2020,금민철,75258,15000
1580,2020,김강률,77263,15000
1581,2020,김강민,71837,35000
1582,2020,김건국,76225,5400
1583,2020,김건태,60339,9000
1584,2020,김경호,64260,3000
1585,2020,김규민,62356,2900
1586,2020,김규성,66614,2900
1587,2020,김기탁,67711,3500
1588,2020,김기환,65462,4500
1589,2020,김기훈,69620,3500
1590,2020,김대우,78536,2900
1591,2020,김대우,61365,11500
1592,2020,김대유,60337,4500
1593,2020,김도환,69442,5000
1594,2020,김동엽,66838,13500
1595,2020,김동한,61204,5000
1596,2020,김동혁,50360,6500
1597,2020,김명신,67246,2700
1598,2020,김명찬,65696,3500
1599,2020,김문호,76509,8000
1600,2020,김민,68043,2700
1601,2020,김민규,68200,2900
1602,2020,김민성,77564,40000
1603,2020,김민수,67504,3000
1604,2020,김민수,65048,6500
1605,2020,김민수,64793,4300
1606,2020,김민식,62864,8800
1607,2020,김민우,65764,4200
1608,2020,김민준,63339,2700
1609,2020,김민하,61554,4500
1610,2020,김민혁,64004,9000
1611,2020,김범수,65769,6500
1612,2020,김병휘,50304,3000
1613,2020,김병희,64014,3000
1614,2020,김상수,79402,25000
1615,2020,김상수,76430,16500
1616,2020,김선기,66018,2700
1617,2020,김선빈,78603,45000
1618,2020,김성민,67828,5500
1619,2020,김성민,50848,2700
1620,2020,김성욱,62934,10500
1621,2020,김성윤,67449,3000
1622,2020,김성표,63435,3800
1623,2020,김성현,76802,21000
1624,2020,김성훈,69098,7000
1625,2020,김세현,76350,12000
1626,2020,김수환,68346,4500
1627,2020,김승범,68616,2700
1628,2020,김영규,68900,6300
1629,2020,김영환,63448,3700
1630,2020,김용의,78217,10500
1631,2020,김웅빈,65898,3000
1632,2020,김원중,62528,10000
1633,2020,김유영,64596,6200
1634,2020,김윤수,68403,3700
1635,2020,김윤식,50157,2700
1636,2020,김은성,65304,3000
1637,2020,김응민,60288,3200
1638,2020,김인태,63257,5000
1639,2020,김재열,64580,6000
1640,2020,김재웅,67391,22000
1641,2020,김재유,65506,2900
1642,2020,김재윤,65062,12000
1643,2020,김재현,76869,5600
1644,2020,김재현,64499,5500
1645,2020,김재현,62332,5000
1646,2020,김재호,74206,65000
1647,2020,김재환,78224,65000
1648,2020,김정인,65392,3200
1649,2020,김정후,61962,3500
1650,2020,김종수,63765,3800
1651,2020,김주온,65411,3000
1652,2020,김주찬,70410,40000
1653,2020,김주한,66859,9000
1654,2020,김주형,69306,5500
1655,2020,김준완,63920,8000
1656,2020,김준태,62558,3800
1657,2020,김지수,65503,3100
1658,2020,김지용,60181,11000
1659,2020,김지찬,50458,2700
1660,2020,김진성,75867,16000
1661,2020,김진영,67737,3200
1662,2020,김진욱,68701,2900
1663,2020,김진호,67954,2700
1664,2020,김찬형,66917,5800
1665,2020,김찬호,66801,2900
1666,2020,김창평,69825,3000
1667,2020,김태경,50992,2700
1668,2020,김태군,78122,20000
1669,2020,김태균,71752,100000
1670,2020,김태진,64984,3000
1671,2020,김태현,67956,2700
1672,2020,김태훈,79847,24000
1673,2020,김태훈,65040,2900
1674,2020,김택형,65343,3700
1675,2020,김하성,64300,32000
1676,2020,김헌곤,61404,19000
1677,2020,김현수,76290,130000
1678,2020,김현수,69516,3000
1679,2020,김현준,66630,2900
1680,2020,김형준,68912,2700
1681,2020,김혜성,67304,2900
1682,2020,김호령,65653,8500
1683,2020,김호은,66113,2700
1684,2020,김호재,64407,4000
1685,2020,김회성,79705,6500
1686,2020,나성범,62947,50000
1687,2020,나주환,73209,12000
1688,2020,나지완,78629,60000
1689,2020,남재현,66660,3100
1690,2020,남태혁,66052,3000
1691,2020,남호,69104,3500
1692,2020,노경은,73211,20000
1693,2020,노수광,63704,13000
1694,2020,노시환,69737,3300
1695,2020,노진혁,62931,14000
1696,2020,노태형,64704,3400
1697,2020,데스파이네,50040,45000
1698,2020,도태훈,66965,3000
1699,2020,라모스,50165,30000
1700,2020,라이블리,69439,50000
1701,2020,라이트,50912,106100
1702,2020,러셀,50350,72900
1703,2020,로맥,67872,90000
1704,2020,로하스,67025,100000
1705,2020,루친스키,69940,100000
1706,2020,류지혁,62234,9500
1707,2020,류진욱,65949,7500
1708,2020,류효승,50868,2700
1709,2020,류희운,64029,3500
1710,2020,마차도,50506,30000
1711,2020,모창민,78813,30000
1712,2020,모터,50300,26500
1713,2020,문경찬,65643,3100
1714,2020,문광은,60845,6000
1715,2020,문대원,67259,3000
1716,2020,문동욱,64554,3200
1717,2020,문상인,67063,2800
1718,2020,문상철,64007,4000
1719,2020,문선재,79113,4500
1720,2020,문성현,60336,8800
1721,2020,문승원,62869,25700
1722,2020,문찬종,50365,2700
1723,2020,민병헌,76249,125000
1724,2020,박건우,79215,45000
1725,2020,박경수,73113,40000
1726,2020,박계범,64468,5500
1727,2020,박관진,50397,3000
1728,2020,박동원,79365,18000
1729,2020,박명현,50592,2700
1730,2020,박민,50657,2700
1731,2020,박민우,62907,52000
1732,2020,박민호,64893,10000
1733,2020,박병호,75125,150000
1734,2020,박상언,66707,2800
1735,2020,박상원,67703,9000
1736,2020,박석민,74465,70000
1737,2020,박성한,67893,2700
1738,2020,박세웅,64021,11000
1739,2020,박세진,66047,3200
1740,2020,박세혁,62244,23200
1741,2020,박승규,69418,3200
1742,2020,박승욱,62802,8000
1743,2020,박승주,66305,2400
1744,2020,박시영,60559,7900
1745,2020,박시원,50996,2700
1746,2020,박신지,68249,3100
1747,2020,박용택,72133,80000
1748,2020,박재욱,64100,3500
1749,2020,박정수,65639,3300
1750,2020,박정음,62353,5500
1751,2020,박정현,50709,4200
1752,2020,박종기,63292,2900
1753,2020,박종훈,60841,29000
1754,2020,박주성,69328,3700
1755,2020,박주홍,68703,3500
1756,2020,박주홍,50357,4000
1757,2020,박준영,66928,2700
1758,2020,박준태,64657,3800
1759,2020,박준표,63638,11000
1760,2020,박준혁,68003,3000
1761,2020,박지규,65136,4500
1762,2020,박지훈,50204,2700
1763,2020,박진우,63991,16000
1764,2020,박진태,67646,6000
1765,2020,박진형,63512,9000
1766,2020,박찬도,62409,5500
1767,2020,박찬호,64646,10500
1768,2020,박치국,67266,8000
1769,2020,박한결,63703,3000
1770,2020,박해민,62415,30000
1771,2020,박희수,76858,18500
1772,2020,반즈,50730,6630
1773,2020,배민서,69974,3000
1774,2020,배성근,64501,3200
1775,2020,배재환,64995,3000
1776,2020,배정대,64166,4800
1777,2020,배제성,65516,11000
1778,2020,배창현,68207,3100
1779,2020,백승건,69839,3100
1780,2020,백승민,64410,4500
1781,2020,백승현,65109,3400
1782,2020,백용환,78643,4000
1783,2020,백정현,77446,28000
1784,2020,변상권,68305,4800
1785,2020,뷰캐넌,50404,60000
1786,2020,브룩스,50636,47900
1787,2020,브리검,67313,65000
1788,2020,살라디노,50468,92780
1789,2020,샘슨,50524,66200
1790,2020,서건창,78168,38000
1791,2020,서균,64759,4500
1792,2020,서덕원,66663,3600
1793,2020,서동민,64896,6000
1794,2020,서예일,66203,3200
1795,2020,서준원,69539,4600
1796,2020,서진용,61895,20000
1797,2020,서폴드,69744,119200
1798,2020,서호철,69995,3000
1799,2020,성재헌,50109,3200
1800,2020,소이현,67962,2700
1801,2020,소형준,50030,2700
1802,2020,손동현,69041,5000
1803,2020,손아섭,77532,200000
1804,2020,손정욱,63914,6600
1805,2020,손호영,50150,2700
1806,2020,송광민,76753,25000
1807,2020,송명기,69962,2700
1808,2020,송민섭,64012,4700
1809,2020,송승준,77591,5000
1810,2020,송우현,65362,3000
1811,2020,송윤준,61156,2700
1812,2020,송은범,73801,27000
1813,2020,송준석,64469,4000
1814,2020,신민재,65207,5000
1815,2020,신민혁,68902,2700
1816,2020,신본기,62556,12500
1817,2020,신성현,64086,4800
1818,2020,신용수,69508,2900
1819,2020,신재영,62937,14000
1820,2020,신재웅,75138,11000
1821,2020,신정락,60140,12000
1822,2020,심우준,64006,13000
1823,2020,심창민,61411,23000
1824,2020,안권수,50202,2700
1825,2020,안영명,73738,35000
1826,2020,안우진,68341,2700
1827,2020,안인산,50901,2700
1828,2020,안치홍,79608,29000
1829,2020,안현준,64041,3200
1830,2020,알칸타라,69045,45000
1831,2020,알테어,50923,80000
1832,2020,양석환,64153,16000
1833,2020,양선률,50813,2700
1834,2020,양성우,62797,8500
1835,2020,양승철,69646,3000
1836,2020,양우현,69403,2700
1837,2020,양의지,76232,200000
1838,2020,양찬열,50293,4300
1839,2020,양창섭,68415,5000
1840,2020,양현,61268,3000
1841,2020,양현종,77637,230000
1842,2020,여건욱,79825,5300
1843,2020,오명진,50208,2700
1844,2020,오선우,69636,3000
1845,2020,오선진,78756,10500
1846,2020,오승환,75421,120000
1847,2020,오원석,50859,2700
1848,2020,오윤석,64504,4000
1849,2020,오재원,77248,30000
1850,2020,오재일,75334,47000
1851,2020,오주원,74359,15000
1852,2020,오준혁,61743,3000
1853,2020,오지환,79109,60000
1854,2020,오현택,79293,6000
1855,2020,요키시,69343,159000
1856,2020,우규민,73117,70000
1857,2020,원종현,76118,26000
1858,2020,원태인,69446,8000
1859,2020,윌슨,68135,90000
1860,2020,유강남,61102,23000
1861,2020,유민상,62265,6000
1862,2020,유서준,64890,3100
1863,2020,유영준,63903,2700
1864,2020,유원상,76757,4000
1865,2020,유장혁,69766,3200
1866,2020,유한준,74339,50000
1867,2020,유희관,79229,47000
1868,2020,윤강민,63936,2700
1869,2020,윤규진,73750,20000
1870,2020,윤대경,63464,2800
1871,2020,윤명준,62242,21000
1872,2020,윤석민,74215,24000
1873,2020,윤성환,74454,40000
1874,2020,윤수강,62537,3200
1875,2020,윤정현,69399,4500
1876,2020,윤호솔,63961,2900
1877,2020,윤희상,74838,15500
1878,2020,이강준,50036,2700
1879,2020,이거연,50819,3000
1880,2020,이건욱,64861,3000
1881,2020,이교훈,69205,3300
1882,2020,이대은,67008,10000
1883,2020,이대호,71564,250000
1884,2020,이도윤,65703,2700
1885,2020,이동원,62294,2700
1886,2020,이명기,76849,24000
1887,2020,이민우,65616,4300
1888,2020,이민호,50126,2700
1889,2020,이병규,76100,5000
1890,2020,이보근,75342,20000
1891,2020,이상규,65117,2900
1892,2020,이상동,69054,2900
1893,2020,이상민,63960,4200
1894,2020,이상호,60566,10000
1895,2020,이상화,77563,6800
1896,2020,이선우,69068,2900
1897,2020,이성곤,64266,3500
1898,2020,이성규,66409,4300
1899,2020,이성열,73136,50000
1900,2020,이성우,71184,8000
1901,2020,이승민,68211,2700
1902,2020,이승민,50464,2700
1903,2020,이승진,64805,2700
1904,2020,이승헌,68910,2700
1905,2020,이승헌,68529,2700
1906,2020,이승현,60146,10000
1907,2020,이승호,67603,2700
1908,2020,이영준,64051,2900
1909,2020,이영하,66291,27000
1910,2020,이용규,74163,40000
1911,2020,이용찬,77211,42000
1912,2020,이우성,63260,4000
1913,2020,이우찬,61145,7500
1914,2020,이원석,75566,30000
1915,2020,이원재,62025,7100
1916,2020,이원준,67863,2700
1917,2020,이인복,64565,3000
1918,2020,이재원,76812,130000
1919,2020,이재원,68106,2700
1920,2020,이재율,66968,3200
1921,2020,이재익,63492,5700
1922,2020,이재학,60263,27500
1923,2020,이정후,67341,11000
1924,2020,이정훈,67644,3000
1925,2020,이주엽,50262,2700
1926,2020,이준영,65665,4000
1927,2020,이지영,79456,21000
1928,2020,이진영,66657,3400
1929,2020,이찬혁,67164,3100
1930,2020,이창재,65057,4200
1931,2020,이창진,64560,8500
1932,2020,이천웅,61186,28000
1933,2020,이태양,60768,7300
1934,2020,이택근,73342,50000
1935,2020,이학주,69453,9000
1936,2020,이해창,60343,5500
1937,2020,이현석,65869,3000
1938,2020,이현승,76329,40000
1939,2020,이현호,61214,4900
1940,2020,이형범,62951,14200
1941,2020,이형종,78135,20000
1942,2020,이호연,68504,5700
1943,2020,이호중,65937,3000
1944,2020,이홍구,63634,7000
1945,2020,이흥련,63440,7500
1946,2020,임기영,62754,7000
1947,2020,임병욱,64346,5000
1948,2020,임정호,63959,9200
1949,2020,임종찬,50704,3600
1950,2020,임준섭,62611,8800
1951,2020,임지열,64340,5000
1952,2020,임찬규,61101,13500
1953,2020,임창민,78352,16000
1954,2020,임현준,61457,11000
1955,2020,임형원,50900,2700
1956,2020,장민재,79764,11000
1957,2020,장성우,78548,13500
1958,2020,장승현,63202,3500
1959,2020,장시환,77318,11000
1960,2020,장영석,79334,7500
1961,2020,장운호,63700,3800
1962,2020,장웅정,50706,3300
1963,2020,장원삼,76355,5000
1964,2020,장원준,74513,30000
1965,2020,장준원,64115,3400
1966,2020,장지훈,67443,3000
1967,2020,장진혁,66706,3800
1968,2020,장필준,77927,21500
1969,2020,장현식,63950,6400
1970,2020,전민수,78361,5000
1971,2020,전병우,65586,2700
1972,2020,전상현,66609,7600
1973,2020,전유수,75340,10000
1974,2020,전준우,78513,50000
1975,2020,정근우,75808,70000
1976,2020,정기훈,64209,3200
1977,2020,정대현,60264,6300
1978,2020,정보근,68518,2900
1979,2020,정상호,71842,50000
1980,2020,정수민,66960,4200
1981,2020,정수빈,79231,34000
1982,2020,정영일,62056,11000
1983,2020,정용운,79617,7000
1984,2020,정우람,74857,80000
1985,2020,정우영,69159,8000
1986,2020,정은원,68743,12000
1987,2020,정의윤,75151,30000
1988,2020,정인욱,79440,5000
1989,2020,정주현,79150,12500
1990,2020,정주후,65096,2900
1991,2020,정진기,61869,4600
1992,2020,정진호,61208,11300
1993,2020,정찬헌,78148,13000
1994,2020,정태승,62595,2800
1995,2020,정해영,50662,2700
1996,2020,정현,63450,3000
1997,2020,정훈,60523,6400
1998,2020,조병욱,67045,2700
1999,2020,조상우,63342,12000
2000,2020,조수행,66209,4500
2001,2020,조영건,69360,3400
2002,2020,조용호,64868,7000
2003,2020,조제영,50296,2700
2004,2020,조한민,69705,3820
2005,2020,조현우,64047,3000
2006,2020,주권,65060,15000
2007,2020,주효상,66354,3500
2008,2020,지석훈,73306,12500
2009,2020,진명호,79545,12500
2010,2020,진해수,76650,25000
2011,2020,차명진,64615,3600
2012,2020,차우찬,76455,100000
2013,2020,차재용,65509,2800
2014,2020,채드벨,69748,40000
2015,2020,채은성,79192,32000
2016,2020,채지선,65241,2800
2017,2020,채태인,77463,20000
2018,2020,채현우,69804,3000
2019,2020,천성호,50054,2700
2020,2020,최동환,79140,7000
2021,2020,최성영,66920,9500
2022,2020,최성훈,62146,4700
2023,2020,최세창,50298,2700
2024,2020,최승준,76158,5000
2025,2020,최영진,61197,8000
2026,2020,최영환,64718,3400
2027,2020,최용제,64213,2800
2028,2020,최원준,66606,7000
2029,2020,최원태,65320,15000
2030,2020,최인호,50707,3800
2031,2020,최재원,63913,6500
2032,2020,최재훈,78288,20000
2033,2020,최정,75847,120000
2034,2020,최정민,62893,3500
2035,2020,최정용,65464,3600
2036,2020,최정원,69992,2700
2037,2020,최주환,76267,27000
2038,2020,최준용,50556,2700
2039,2020,최준우,68868,4500
2040,2020,최지광,67421,8000
2041,2020,최지훈,50854,2700
2042,2020,최진행,74729,20000
2043,2020,최채흥,68419,7500
2044,2020,최항,62884,7500
2045,2020,최형우,72443,150000
2046,2020,추재현,68362,2700
2047,2020,켈리,69103,90000
2048,2020,쿠에바스,69032,60000
2049,2020,킹엄,50815,50000
2050,2020,터커,69652,55000
2051,2020,팔카,50469,13200
2052,2020,페르난데스,69209,40000
2053,2020,플렉센,50234,79500
2054,2020,핀토,50835,59600
2055,2020,하재훈,69813,15000
2056,2020,하주석,62700,14000
2057,2020,하준호,78517,4500
2058,2020,한동희,68525,4700
2059,2020,한석현,64101,3900
2060,2020,한선태,69111,3200
2061,2020,한승주,50726,2700
2062,2020,한승지,66039,2700
2063,2020,한승택,63722,8000
2064,2020,한승혁,66557,2700
2065,2020,한현희,62363,23000
2066,2020,함덕주,63248,21000
2067,2020,허경민,79240,48000
2068,2020,허관회,69706,3300
2069,2020,허도환,77243,6500
2070,2020,허윤동,50449,2700
2071,2020,허일,61566,2700
2072,2020,허정협,65399,4500
2073,2020,호잉,68730,55000
2074,2020,홍건희,61643,8000
2075,2020,홍상삼,78247,4000
2076,2020,홍성무,65042,3000
2077,2020,홍성민,62655,10000
2078,2020,홍원표,50430,2700
2079,2020,홍정우,65496,3000
2080,2020,홍종표,50600,2700
2081,2020,홍창기,66108,3800
2082,2020,홍현빈,67005,2900
2083,2020,화이트,50802,17200
2084,2020,황대인,65610,3000
2085,2020,황동재,50441,2700
2086,2020,황영국,64760,2900
2087,2020,황윤호,62908,5000
2088,2020,황인준,65618,3700
2089,2020,황재균,76313,120000
